base	events
1	3
3	14
8	1
11	3
12	10
13	1
14	1
15	1
16	1
17	1
20	1
22	1
23	3
26	1
30	1
34	5
35	1
37	1
39	1
40	11
41	1
42	3
43	1
44	2
45	1
46	2
47	1
49	1
50	2
53	2
54	1
55	2
56	1
57	1
60	2
61	3
64	1
70	1
75	1
76	1
77	1
89	1
90	1
94	1
99	2
101	3
102	1
104	1
105	1
107	1
111	1
113	1
115	1
116	1
117	2
118	1
119	1
121	2
122	1
123	1
125	3
127	3
128	3
131	3
141	1
147	1
152	2
153	1
162	1
165	1
168	2
171	2
177	1
189	1
192	1
195	3
209	1
210	3
213	1
216	2
219	4
221	1
224	1
225	1
232	2
234	1
237	11
240	3
241	1
243	1
244	1
248	1
249	5
255	3
258	2
261	3
264	3
267	1
273	1
276	1
282	5
287	1
291	4
294	1
296	1
300	3
303	1
306	1
309	3
312	4
315	2
316	1
318	1
321	3
327	1
329	6
333	2
342	1
348	1
351	1
354	1
357	1
358	1
364	3
369	2
372	2
375	1
378	1
381	3
382	1
390	2
399	1
402	5
403	3
405	4
406	3
407	2
408	4
409	2
411	12
412	2
414	5
415	2
416	1
417	6
418	2
420	3
422	1
423	1
424	3
426	1
427	2
428	1
430	1
432	2
435	3
436	1
438	5
439	1
442	1
444	1
446	1
449	2
450	8
456	1
458	2
459	6
460	2
462	4
466	1
468	2
474	2
479	2
480	4
482	1
483	4
485	1
486	3
487	2
489	6
493	1
495	3
499	1
501	4
504	1
506	3
507	2
510	3
513	2
516	2
517	2
519	4
525	1
528	2
531	3
537	3
539	1
541	4
542	1
543	3
545	1
546	2
547	1
549	1
552	7
553	1
554	1
556	1
558	2
559	2
560	1
561	10
562	3
566	1
569	1
570	2
576	1
582	1
585	2
587	1
591	1
593	1
594	2
597	2
599	2
600	3
602	2
603	1
605	1
606	1
607	1
609	1
612	2
613	1
615	3
618	6
620	1
622	2
627	1
630	3
633	3
635	2
636	4
637	2
639	5
641	1
643	1
645	3
648	1
649	1
651	1
654	2
657	1
661	1
662	1
663	1
666	1
668	1
669	1
672	3
675	1
676	4
677	1
678	2
690	4
692	2
693	1
695	1
696	5
699	3
702	7
704	2
705	3
708	2
710	1
711	2
714	3
715	2
717	5
719	1
720	3
721	1
722	1
723	2
729	5
732	1
735	1
738	3
741	1
747	1
750	4
753	2
756	5
757	1
759	3
762	6
765	1
768	1
769	5
771	5
774	3
775	2
777	1
780	3
781	4
783	2
786	1
789	2
793	9
798	2
801	2
804	1
808	2
810	2
813	2
815	1
819	2
820	4
825	7
827	1
828	1
829	1
834	1
837	3
843	1
844	2
846	3
855	1
858	4
861	2
864	6
865	4
867	4
870	1
873	4
874	1
876	3
878	1
879	5
882	2
885	3
889	1
891	5
892	2
894	4
897	1
900	2
906	5
907	1
910	1
915	1
917	1
918	2
924	4
925	8
927	1
928	2
930	4
931	1
936	1
937	1
940	1
942	1
945	3
948	2
949	1
950	2
951	3
956	2
957	5
958	1
959	1
960	2
961	2
963	2
966	1
969	4
976	1
978	1
981	1
984	1
985	1
987	2
990	3
994	1
996	1
999	2
1002	9
1011	2
1017	1
1023	1
1027	6
1029	4
1032	1
1033	2
1038	2
1041	3
1044	2
1047	5
1050	2
1053	2
1056	7
1059	2
1065	1
1071	1
1073	1
1074	2
1077	1
1080	3
1083	3
1086	1
1089	1
1092	1
1093	3
1097	1
1098	9
1099	1
1106	1
1107	2
1110	1
1112	1
1116	2
1122	2
1126	3
1128	6
1134	3
1135	1
1137	5
1140	1
1143	1
1146	1
1150	1
1158	4
1161	1
1163	4
1164	1
1166	2
1167	2
1170	3
1173	2
1176	2
1179	7
1182	1
1184	1
1185	1
1191	2
1194	4
1197	1
1200	4
1203	1
1209	3
1211	1
1215	3
1221	3
1222	1
1224	6
1230	2
1233	6
1234	1
1236	2
1238	1
1239	6
1242	1
1246	7
1248	6
1256	1
1260	1
1269	1
1272	1
1275	4
1281	7
1287	5
1290	2
1293	3
1296	6
1297	4
1299	1
1302	2
1305	3
1308	1
1311	9
1313	1
1314	1
1317	1
1320	2
1323	1
1326	4
1328	1
1329	2
1332	2
1338	4
1341	4
1343	1
1344	1
1347	2
1350	2
1353	2
1354	1
1355	1
1356	1
1359	2
1362	1
1363	8
1368	1
1370	1
1371	1
1372	1
1374	2
1381	6
1383	1
1386	2
1389	4
1395	2
1398	2
1401	1
1404	1
1407	3
1410	1
1413	1
1416	5
1418	1
1419	8
1422	1
1425	1
1428	1
1437	2
1438	1
1440	1
1443	2
1449	8
1457	1
1458	3
1461	2
1470	3
1471	1
1475	1
1476	2
1479	1
1482	3
1488	3
1491	1
1494	2
1495	2
1497	8
1498	2
1500	1
1503	1
1504	2
1506	3
1509	3
1515	2
1516	3
1518	3
1521	1
1524	2
1530	3
1533	1
1535	1
1536	1
1539	1
1542	2
1544	2
1545	1
1551	4
1554	6
1558	1
1560	2
1561	1
1563	2
1566	1
1569	2
1570	4
1575	6
1580	1
1581	5
1587	1
1590	3
1594	2
1596	1
1598	1
1599	12
1602	2
1605	3
1608	1
1617	1
1626	2
1627	2
1629	3
1632	3
1638	6
1639	1
1641	2
1647	2
1650	3
1651	1
1653	4
1656	1
1665	2
1671	4
1674	3
1677	1
1680	1
1683	1
1686	2
1689	6
1692	3
1695	1
1697	1
1698	2
1701	6
1702	1
1704	1
1707	1
1710	4
1711	1
1713	3
1715	1
1716	1
1719	3
1720	1
1722	5
1725	1
1728	1
1730	1
1731	3
1732	2
1734	2
1739	2
1740	2
1743	4
1746	2
1748	1
1752	1
1755	3
1758	3
1760	3
1761	3
1764	2
1770	2
1777	1
1779	3
1782	2
1797	2
1798	3
1799	4
1800	1
1806	1
1809	1
1810	1
1815	2
1818	2
1821	4
1822	1
1824	1
1825	2
1827	1
1833	2
1836	3
1837	4
1839	2
1844	1
1848	15
1850	1
1851	1
1854	7
1856	1
1857	7
1858	10
1860	1
1863	1
1866	4
1869	3
1875	1
1878	1
1879	1
1881	2
1884	5
1885	3
1886	1
1887	27
1890	1
1893	2
1896	1
1897	1
1899	3
1902	3
1905	4
1907	1
1910	1
1914	4
1917	2
1924	2
1926	2
1929	1
1935	1
1936	1
1938	1
1944	3
1948	1
1950	5
1954	1
1956	5
1959	2
1963	1
1964	1
1965	2
1967	1
1968	1
1972	1
1974	6
1977	3
1981	2
1983	3
1988	1
1989	3
1992	1
1998	3
2001	1
2002	1
2004	1
2005	1
2010	3
2013	6
2014	1
2016	1
2019	2
2022	1
2023	1
2024	1
2025	1
2028	1
2032	5
2034	1
2040	4
2043	10
2046	2
2049	5
2052	5
2055	3
2058	1
2062	2
2065	2
2066	1
2067	1
2069	1
2073	3
2076	13
2078	2
2079	2
2084	1
2086	2
2091	1
2094	5
2097	2
2100	3
2106	1
2112	2
2115	5
2118	3
2121	2
2127	1
2131	2
2132	1
2136	1
2139	3
2146	1
2148	1
2151	2
2152	1
2154	3
2157	1
2161	6
2163	4
2167	1
2169	1
2172	3
2175	9
2178	5
2181	2
2184	2
2186	1
2187	3
2190	2
2193	4
2196	2
2199	2
2205	2
2208	3
2214	2
2216	2
2222	1
2225	1
2226	2
2229	1
2230	1
2232	2
2238	3
2241	2
2244	1
2250	1
2253	1
2256	2
2259	1
2262	2
2265	3
2268	8
2270	5
2274	6
2277	1
2281	4
2283	3
2286	1
2288	1
2289	1
2292	2
2295	2
2298	1
2301	2
2302	1
2304	2
2313	3
2316	1
2318	1
2324	1
2325	1
2326	2
2328	1
2335	1
2338	1
2343	1
2349	3
2352	1
2355	1
2356	2
2357	1
2358	8
2361	3
2362	1
2363	1
2364	1
2367	1
2368	1
2371	6
2373	1
2374	1
2376	1
2377	4
2383	2
2385	2
2388	9
2391	2
2394	3
2395	1
2400	1
2403	2
2409	9
2410	2
2412	2
2415	2
2418	6
2419	2
2424	1
2425	2
2427	1
2431	5
2432	1
2433	6
2439	1
2440	2
2443	6
2445	2
2451	2
2452	1
2454	6
2457	2
2460	2
2461	3
2463	6
2466	1
2469	3
2475	2
2481	3
2484	3
2487	1
2490	2
2493	1
2494	4
2496	2
2498	1
2502	1
2505	4
2508	3
2510	1
2517	6
2518	1
2520	12
2523	1
2529	1
2532	2
2533	2
2535	1
2538	17
2541	6
2544	2
2550	1
2551	2
2553	1
2559	1
2562	4
2568	4
2570	2
2574	2
2575	2
2577	1
2583	3
2586	4
2589	4
2590	1
2592	2
2595	2
2596	6
2598	2
2604	2
2606	1
2607	1
2608	1
2610	6
2613	1
2619	3
2624	1
2625	1
2628	2
2631	8
2634	1
2637	5
2638	1
2643	3
2645	1
2646	2
2649	2
2652	2
2658	1
2659	1
2664	4
2667	2
2670	1
2674	1
2677	1
2679	2
2681	1
2683	1
2685	6
2688	3
2694	1
2697	5
2700	4
2703	1
2704	1
2707	7
2709	2
2712	1
2715	1
2719	1
2721	1
2722	3
2724	4
2725	1
2727	2
2728	2
2730	3
2733	1
2736	2
2739	2
2742	1
2746	2
2748	2
2749	3
2750	2
2751	4
2752	1
2753	2
2754	1
2756	2
2757	1
2760	3
2764	2
2767	1
2771	3
2775	2
2778	3
2780	1
2781	1
2782	4
2787	3
2788	2
2789	2
2793	1
2795	1
2796	2
2799	6
2801	1
2802	3
2803	4
2805	1
2807	1
2808	1
2811	8
2814	3
2820	1
2823	7
2829	2
2831	1
2835	2
2836	8
2838	4
2840	1
2841	3
2842	1
2843	1
2844	3
2847	2
2850	3
2851	2
2852	2
2853	1
2856	2
2859	2
2861	1
2862	8
2865	1
2868	3
2872	1
2873	1
2874	3
2875	1
2877	1
2880	1
2883	2
2886	4
2892	1
2895	2
2898	1
2901	3
2904	1
2906	1
2907	1
2908	5
2910	2
2912	2
2913	2
2919	2
2925	1
2927	1
2928	2
2929	1
2931	3
2932	2
2934	1
2943	4
2946	3
2949	2
2951	1
2952	5
2956	1
2958	2
2961	5
2964	2
2967	4
2970	1
2973	1
2979	1
2981	2
2982	1
2985	3
2986	1
2991	3
2992	1
2993	1
2994	1
2995	1
2996	1
2997	8
2998	1
3001	2
3002	2
3003	1
3006	1
3009	1
3013	7
3015	4
3016	1
3017	1
3018	2
3021	4
3024	3
3027	1
3033	3
3034	2
3035	9
3036	6
3038	1
3039	3
3042	9
3044	2
3045	1
3048	1
3053	9
3054	8
3057	1
3060	1
3063	2
3066	2
3069	1
3072	1
3084	1
3089	3
3090	1
3093	2
3095	1
3096	2
3097	1
3106	2
3108	1
3109	1
3110	2
3114	4
3117	1
3120	6
3121	4
3123	3
3124	2
3126	5
3131	1
3132	1
3135	1
3136	3
3138	3
3141	4
3144	2
3150	1
3151	1
3153	3
3154	1
3156	1
3159	1
3162	1
3163	2
3165	1
3169	2
3171	3
3174	4
3177	1
3178	1
3180	2
3183	3
3186	1
3192	1
3193	4
3197	1
3201	2
3204	6
3206	2
3207	1
3210	3
3211	2
3213	4
3216	1
3219	3
3222	1
3225	6
3228	1
3229	2
3230	2
3231	5
3234	2
3237	10
3240	4
3243	4
3245	1
3249	1
3252	2
3254	1
3255	2
3262	3
3263	1
3264	1
3265	4
3269	1
3270	3
3271	1
3273	4
3274	1
3278	1
3279	3
3281	1
3282	2
3285	1
3286	1
3287	1
3288	3
3291	5
3292	1
3294	2
3295	2
3297	4
3306	1
3312	1
3315	5
3317	1
3318	4
3321	12
3323	1
3324	1
3327	4
3328	1
3329	2
3330	1
3333	2
3339	1
3340	2
3345	1
3348	2
3350	1
3351	4
3357	1
3360	1
3363	1
3364	2
3366	2
3369	2
3370	1
3372	2
3373	2
3374	2
3375	2
3378	5
3384	4
3387	3
3396	3
3402	1
3409	1
3411	4
3414	1
3415	2
3416	1
3420	2
3423	3
3433	3
3435	1
3438	3
3441	1
3442	3
3443	2
3444	2
3447	4
3448	1
3453	1
3456	2
3459	1
3465	4
3468	1
3474	1
3475	1
3480	1
3483	1
3485	3
3488	3
3489	2
3495	1
3497	1
3500	2
3501	6
3504	2
3505	5
3507	3
3510	1
3513	1
3517	8
3518	2
3519	1
3523	1
3524	1
3525	4
3531	1
3532	2
3533	1
3537	2
3541	3
3543	1
3546	2
3549	8
3552	2
3553	1
3555	5
3557	1
3558	1
3559	1
3560	1
3561	4
3567	1
3570	2
3576	6
3577	4
3579	2
3580	1
3582	2
3584	1
3588	1
3591	4
3593	1
3594	1
3595	1
3596	1
3597	2
3598	5
3600	8
3602	1
3603	1
3605	1
3609	2
3610	1
3611	1
3614	1
3615	4
3617	1
3620	2
3621	1
3622	2
3623	1
3624	2
3626	1
3628	2
3629	3
3630	6
3633	2
3636	1
3638	1
3639	4
3640	7
3641	2
3648	2
3649	1
3652	1
3653	1
3654	5
3657	7
3669	1
3672	3
3675	5
3679	2
3680	1
3681	1
3682	1
3683	1
3684	2
3687	4
3688	1
3690	2
3691	1
3692	2
3693	5
3695	2
3696	1
3700	4
3701	5
3703	3
3704	2
3705	8
3706	2
3714	8
3717	1
3720	4
3723	1
3726	4
3728	1
3735	2
3738	1
3747	4
3748	2
3750	7
3753	2
3754	3
3757	2
3759	2
3766	3
3767	1
3771	2
3777	2
3780	3
3783	1
3785	1
3789	1
3792	1
3793	2
3798	2
3800	1
3801	2
3804	4
3806	2
3807	1
3810	3
3813	1
3816	3
3818	1
3819	7
3821	2
3822	4
3831	1
3834	1
3837	1
3840	1
3841	1
3842	1
3846	7
3847	1
3849	2
3852	2
3853	2
3855	1
3857	1
3858	1
3864	1
3865	2
3867	2
3868	4
3870	1
3873	1
3875	1
3876	6
3878	4
3879	1
3880	1
3882	7
3883	1
3885	3
3888	3
3889	2
3891	1
3894	4
3896	1
3897	1
3900	4
3901	7
3907	1
3908	2
3909	2
3911	2
3912	4
3913	3
3915	1
3918	2
3919	1
3921	7
3924	1
3927	1
3928	5
3933	1
3937	4
3939	3
3942	2
3943	4
3948	2
3951	2
3953	1
3956	3
3957	1
3959	3
3960	2
3963	1
3966	1
3968	1
3969	1
3970	1
3971	1
3972	9
3975	4
3976	1
3977	2
3978	4
3979	1
3981	3
3982	8
3984	2
3987	2
3988	2
3990	4
3991	6
3993	1
3996	6
3997	1
3998	1
3999	1
4000	1
4004	1
4005	2
4009	1
4011	3
4012	1
4013	3
4014	3
4015	1
4017	1
4020	3
4023	1
4029	4
4030	1
4035	4
4041	2
4044	2
4046	1
4047	1
4050	3
4053	8
4056	3
4059	6
4062	1
4065	2
4066	2
4068	2
4069	2
4071	1
4074	1
4075	2
4077	3
4081	3
4087	1
4089	7
4091	1
4092	2
4093	1
4095	3
4096	1
4106	1
4110	1
4111	5
4113	9
4116	1
4119	1
4123	2
4125	2
4128	1
4129	1
4131	1
4134	1
4135	1
4137	5
4138	1
4139	1
4140	3
4143	4
4144	2
4149	3
4150	3
4152	2
4155	2
4158	4
4164	2
4167	4
4172	1
4173	2
4176	2
4182	1
4183	4
4188	1
4191	3
4193	2
4196	1
4197	2
4198	1
4203	1
4206	1
4209	2
4212	1
4215	1
4218	4
4219	4
4221	4
4224	2
4225	1
4227	7
4230	3
4239	2
4242	1
4243	1
4246	1
4251	4
4252	2
4253	1
4254	4
4255	3
4257	1
4260	4
4263	1
4266	1
4269	2
4270	3
4272	3
4274	1
4278	2
4281	9
4282	2
4286	1
4290	1
4293	1
4296	1
4299	1
4300	1
4301	1
4302	4
4305	3
4308	1
4311	3
4314	4
4315	1
4318	2
4320	3
4323	1
4326	2
4329	4
4332	3
4333	1
4334	1
4337	1
4338	4
4339	1
4341	4
4343	2
4344	3
4346	2
4350	3
4352	1
4353	1
4356	3
4357	1
4360	1
4361	1
4362	1
4363	1
4365	2
4366	1
4368	1
4371	1
4373	1
4374	1
4377	3
4380	2
4383	2
4386	3
4387	1
4392	2
4394	1
4395	2
4398	4
4401	4
4404	1
4405	3
4407	3
4410	1
4413	1
4416	3
4419	1
4422	2
4423	2
4425	1
4428	6
4431	2
4437	4
4439	1
4440	4
4443	1
4445	1
4446	1
4452	1
4453	1
4455	3
4458	2
4461	3
4464	3
4465	1
4467	3
4474	1
4476	3
4479	3
4482	3
4485	4
4488	1
4489	1
4497	1
4500	4
4503	3
4506	6
4509	1
4511	1
4512	3
4513	1
4515	2
4518	1
4519	5
4520	2
4521	3
4523	3
4527	2
4530	4
4535	2
4536	1
4539	1
4540	1
4545	2
4551	1
4554	2
4559	1
4560	1
4563	1
4566	1
4575	10
4578	3
4583	1
4584	1
4587	1
4588	1
4590	10
4594	1
4599	1
4602	5
4605	4
4606	1
4608	1
4620	2
4624	1
4626	1
4628	3
4632	3
4633	1
4634	3
4635	2
4641	6
4644	2
4646	1
4647	1
4653	2
4659	1
4662	1
4664	1
4665	4
4668	2
4671	7
4675	1
4677	3
4680	7
4683	1
4684	2
4687	1
4689	3
4692	2
4693	1
4696	1
4698	1
4701	2
4704	1
4713	3
4714	1
4716	9
4725	2
4730	1
4731	1
4734	5
4740	5
4743	1
4747	1
4749	4
4752	2
4758	2
4764	4
4767	10
4768	3
4770	1
4773	6
4776	1
4779	2
4785	1
4797	1
4800	2
4806	1
4807	1
4812	2
4818	2
4821	2
4822	1
4824	1
4827	1
4830	1
4832	3
4833	1
4836	1
4839	1
4842	1
4849	2
4851	3
4854	4
4855	1
4857	2
4860	4
4866	4
4869	3
4870	2
4872	3
4875	1
4878	1
4884	2
4887	1
4888	5
4890	1
4893	4
4896	1
4897	4
4899	2
4902	4
4905	1
4908	1
4911	2
4913	1
4914	2
4917	1
4920	1
4923	1
4926	1
4929	2
4930	1
4931	1
4932	4
4935	5
4938	2
4939	1
4940	4
4944	9
4952	1
4953	1
4954	1
4955	1
4956	2
4958	1
4962	8
4965	2
4971	7
4972	1
4973	3
4974	1
4977	2
4978	1
4980	2
4983	3
4986	5
4992	2
4998	1
5001	1
5004	2
5007	2
5008	1
5010	1
5013	2
5014	1
5016	2
5019	2
5021	1
5023	1
5025	3
5028	1
5043	7
5049	5
5050	1
5052	1
5058	2
5064	8
5067	2
5070	6
5073	1
5074	1
5076	3
5079	4
5082	2
5085	4
5088	1
5091	2
5094	2
5099	1
5100	1
5102	4
5106	1
5107	1
5108	1
5109	5
5115	1
5118	4
5122	1
5124	2
5126	1
5127	4
5133	1
5136	2
5139	7
5142	1
5146	3
5148	2
5150	3
5151	1
5156	1
5157	1
5160	3
5161	2
5163	1
5166	3
5167	1
5169	1
5170	1
5172	3
5175	1
5178	7
5179	1
5181	3
5190	2
5193	4
5196	1
5199	2
5208	2
5211	1
5214	1
5217	1
5220	1
5221	2
5223	2
5228	1
5229	1
5232	7
5233	2
5239	5
5241	1
5244	1
5247	1
5250	14
5253	4
5259	2
5260	4
5262	4
5265	1
5271	4
5277	2
5280	4
5283	3
5286	2
5295	4
5298	19
5301	1
5303	1
5304	2
5305	1
5307	1
5310	3
5313	2
5315	1
5322	1
5325	6
5334	1
5337	2
5340	1
5345	2
5346	2
5349	2
5352	4
5355	1
5358	2
5367	4
5370	4
5373	3
5374	3
5376	2
5382	1
5388	4
5391	2
5393	1
5394	1
5397	4
5400	4
5403	2
5404	5
5406	2
5407	3
5409	1
5412	2
5415	1
5416	1
5417	1
5418	3
5421	3
5424	1
5427	4
5428	1
5430	1
5431	1
5433	10
5436	1
5437	3
5439	3
5442	6
5443	2
5445	4
5446	1
5457	2
5460	1
5463	1
5466	6
5468	1
5469	1
5473	1
5475	2
5478	8
5481	1
5484	1
5487	2
5490	2
5492	1
5493	1
5496	2
5499	2
5500	1
5502	2
5508	2
5520	2
5523	3
5525	1
5526	3
5528	1
5529	2
5532	2
5535	5
5538	1
5544	3
5547	3
5550	1
5553	1
5565	2
5566	1
5568	3
5571	2
5574	2
5576	1
5580	7
5586	1
5589	2
5592	1
5593	1
5595	9
5596	1
5597	3
5604	5
5610	1
5613	1
5614	1
5615	1
5616	1
5619	4
5620	1
5622	2
5625	3
5628	1
5634	6
5637	1
5640	2
5646	3
5652	1
5654	1
5655	2
5658	5
5659	3
5661	1
5663	3
5666	1
5667	4
5673	1
5674	1
5676	1
5682	1
5685	1
5688	1
5697	1
5700	5
5701	1
5703	4
5712	1
5718	3
5719	1
5721	2
5722	2
5724	1
5727	4
5729	5
5730	3
5733	2
5736	2
5739	4
5742	1
5745	1
5751	1
5753	1
5757	3
5763	2
5764	1
5765	1
5772	1
5775	3
5781	1
5784	3
5787	1
5793	2
5796	5
5799	1
5802	1
5806	1
5811	5
5814	3
5815	1
5817	1
5820	1
5823	3
5825	1
5826	3
5829	4
5832	1
5835	2
5841	1
5847	4
5850	12
5852	1
5853	1
5855	1
5856	1
5859	1
5862	1
5865	1
5871	3
5876	1
5877	2
5880	2
5883	2
5884	3
5886	1
5889	2
5895	1
5898	2
5901	3
5904	2
5906	2
5907	2
5910	1
5916	1
5919	4
5920	2
5922	1
5925	1
5930	1
5931	2
5935	2
5937	1
5939	1
5940	1
5943	1
5946	2
5949	1
5950	1
5952	1
5955	2
5958	7
5962	1
5967	4
5968	1
5970	2
5973	2
5982	1
5983	1
5985	5
5988	3
5990	1
5991	3
5994	4
5997	1
6003	2
6009	1
6010	1
6012	8
6015	3
6021	3
6024	1
6027	2
6028	1
6029	1
6036	4
6039	5
6045	3
6048	2
6051	4
6054	3
6060	1
6063	1
6066	1
6075	2
6078	1
6081	3
6084	7
6087	3
6088	1
6089	1
6090	3
6093	1
6096	1
6099	1
6102	2
6105	2
6106	1
6111	3
6112	1
6114	1
6117	2
6120	4
6123	3
6126	1
6132	3
6135	8
6138	5
6141	3
6144	3
6147	2
6150	5
6153	1
6159	2
6162	3
6168	2
6170	1
6174	4
6179	1
6180	1
6186	1
6189	2
6192	3
6198	1
6201	5
6204	2
6206	3
6207	1
6210	1
6213	1
6216	4
6219	1
6222	2
6225	1
6230	1
6231	2
6234	3
6237	5
6242	1
6243	4
6249	2
6252	3
6258	2
6259	1
6260	2
6261	2
6264	2
6267	2
6270	5
6282	6
6288	1
6289	1
6291	3
6292	1
6293	3
6294	2
6296	2
6297	1
6300	3
6303	2
6306	3
6310	7
6315	1
6320	1
6321	1
6327	4
6329	1
6330	3
6333	2
6336	4
6342	1
6345	1
6346	8
6347	1
6348	3
6356	3
6359	1
6360	3
6366	7
6372	5
6375	2
6384	5
6387	6
6390	3
6393	3
6395	1
6396	1
6399	1
6402	3
6405	8
6408	1
6411	1
6412	2
6414	1
6417	1
6420	2
6423	2
6426	2
6434	1
6435	2
6436	1
6438	2
6441	2
6442	2
6444	5
6445	1
6450	2
6453	3
6454	1
6455	2
6456	2
6457	2
6460	1
6462	3
6464	5
6465	1
6466	2
6468	2
6470	1
6475	2
6483	1
6486	4
6489	3
6495	3
6497	1
6501	2
6503	1
6504	2
6509	1
6510	1
6513	1
6515	2
6516	1
6519	3
6520	2
6524	1
6525	3
6526	1
6527	2
6528	5
6529	2
6531	2
6532	1
6534	1
6538	1
6539	1
6540	1
6541	1
6544	2
6545	1
6546	6
6548	1
6549	3
6550	1
6553	2
6554	3
6555	3
6558	3
6561	3
6562	1
6564	1
6567	4
6568	1
6570	1
6572	1
6573	1
6575	1
6576	1
6578	1
6579	2
6581	2
6582	5
6584	2
6585	2
6587	1
6588	3
6589	5
6591	2
6592	1
6594	2
6596	1
6598	1
6600	2
6601	3
6602	1
6603	3
6608	1
6609	4
6612	9
6616	1
6618	4
6619	2
6624	1
6625	7
6627	4
6628	6
6630	2
6633	1
6634	1
6639	1
6640	1
6642	4
6643	2
6645	1
6648	2
6649	1
6651	5
6652	5
6653	8
6654	11
6655	9
6657	6
6658	1
6659	1
6660	1
6661	1
6667	1
6672	2
6678	2
6681	1
6693	2
6696	1
6699	3
6703	1
6704	1
6705	1
6706	1
6708	6
6711	2
6714	2
6717	2
6720	7
6723	2
6729	4
6738	4
6741	2
6744	2
6745	4
6747	5
6750	1
6753	1
6756	1
6759	2
6762	4
6765	1
6768	4
6774	1
6777	1
6780	2
6786	1
6787	1
6790	7
6795	1
6801	2
6806	1
6810	4
6816	2
6819	2
6822	1
6825	2
6828	2
6831	1
6834	2
6836	1
6840	4
6841	1
6843	2
6846	5
6849	1
6852	1
6855	6
6858	4
6861	5
6863	1
6867	3
6870	2
6871	1
6872	3
6873	9
6875	1
6876	3
6877	1
6879	3
6880	2
6882	6
6885	3
6887	1
6889	1
6891	10
6892	2
6894	5
6897	3
6900	2
6903	2
6906	2
6909	3
6913	4
6917	1
6918	1
6921	2
6928	1
6934	2
6936	1
6937	1
6938	1
6939	4
6940	2
6941	1
6942	3
6943	3
6945	3
6946	2
6948	1
6953	2
6954	1
6957	1
6962	1
6963	2
6964	1
6965	1
6966	11
6967	2
6968	2
6969	2
6970	3
6971	3
6972	3
6974	4
6975	7
6978	1
6979	2
6981	2
6982	1
6984	1
6985	1
6990	1
6993	3
6997	2
6999	2
7002	1
7005	2
7008	2
7011	1
7014	5
7020	4
7023	1
7026	4
7029	4
7032	3
7033	3
7035	5
7038	3
7041	10
7044	4
7047	7
7050	1
7053	4
7056	3
7059	1
7062	4
7065	1
7067	1
7068	2
7074	3
7077	10
7080	1
7085	1
7092	1
7095	1
7098	2
7107	1
7116	2
7119	2
7125	2
7126	4
7128	1
7131	3
7134	10
7138	1
7140	4
7142	1
7143	1
7153	2
7155	3
7156	1
7157	1
7158	4
7159	6
7160	1
7161	4
7162	1
7167	3
7168	1
7170	1
7179	5
7180	1
7182	4
7185	2
7189	2
7191	4
7194	6
7200	1
7206	4
7207	4
7209	6
7212	5
7216	2
7218	1
7221	2
7224	1
7225	1
7228	1
7230	2
7231	1
7233	2
7235	1
7239	3
7240	4
7245	1
7247	1
7248	3
7251	2
7254	2
7257	3
7263	2
7264	3
7266	1
7269	4
7273	1
7275	2
7276	1
7281	2
7284	2
7287	3
7290	6
7292	1
7293	1
7296	6
7299	2
7302	1
7305	2
7308	1
7314	5
7317	1
7320	1
7323	1
7326	2
7335	2
7337	1
7338	5
7341	5
7344	1
7347	1
7350	1
7353	1
7356	1
7358	1
7359	1
7362	1
7365	1
7366	1
7367	1
7371	2
7374	2
7378	1
7380	2
7389	1
7392	1
7398	2
7401	1
7404	1
7405	1
7413	1
7415	1
7417	2
7419	3
7423	3
7424	1
7425	3
7426	1
7428	1
7429	1
7430	4
7431	3
7434	10
7435	3
7436	2
7437	2
7440	3
7441	1
7446	1
7447	3
7450	2
7453	1
7454	2
7455	1
7461	5
7462	1
7464	4
7465	2
7466	1
7468	1
7470	3
7471	2
7472	1
7473	1
7474	1
7476	2
7479	3
7482	4
7485	1
7486	1
7488	15
7489	3
7494	5
7497	1
7498	1
7500	6
7502	1
7503	1
7506	2
7512	2
7513	4
7515	2
7521	1
7524	2
7527	1
7530	3
7532	2
7533	2
7534	1
7535	2
7536	4
7539	1
7545	1
7551	11
7554	1
7557	1
7560	9
7563	4
7569	5
7575	4
7578	3
7579	1
7581	2
7584	1
7587	5
7590	4
7591	2
7596	2
7600	1
7602	4
7604	1
7605	2
7608	1
7612	1
7614	3
7616	4
7617	1
7620	4
7623	1
7629	6
7630	1
7632	2
7633	1
7635	4
7636	1
7641	1
7644	1
7647	1
7649	1
7650	3
7653	1
7661	1
7662	1
7668	1
7671	3
7672	2
7673	1
7677	1
7683	1
7689	1
7690	1
7691	1
7692	1
7695	2
7696	5
7701	1
7710	1
7711	1
7713	3
7714	1
7716	1
7722	2
7723	1
7726	1
7728	2
7731	2
7734	1
7737	2
7746	2
7748	1
7749	2
7752	2
7755	4
7756	1
7758	2
7764	1
7765	1
7766	1
7767	4
7768	1
7770	4
7773	1
7775	2
7776	3
7779	3
7784	1
7788	5
7791	3
7794	2
7795	1
7797	1
7800	4
7806	1
7807	1
7809	3
7815	3
7818	3
7819	1
7821	2
7830	1
7833	1
7834	2
7836	1
7843	4
7845	2
7848	2
7851	2
7852	1
7854	2
7857	1
7860	4
7861	2
7863	1
7866	1
7869	4
7870	6
7871	1
7872	3
7873	1
7874	1
7875	3
7876	1
7878	4
7879	3
7881	5
7882	2
7883	2
7884	2
7896	1
7899	1
7900	1
7904	1
7905	6
7908	2
7914	2
7917	1
7920	3
7921	4
7922	2
7923	1
7926	1
7929	1
7932	2
7935	4
7941	5
7944	4
7947	3
7950	1
7956	2
7959	1
7962	1
7974	2
7975	1
7977	4
7979	1
7983	5
7989	4
7990	2
7991	1
7992	2
7993	2
7995	1
8001	5
8004	4
8007	5
8016	3
8017	1
8019	1
8020	1
8022	3
8025	6
8028	16
8031	2
8034	2
8036	1
8037	1
8038	2
8039	1
8040	2
8041	1
8043	1
8046	2
8049	2
8052	12
8053	1
8054	2
8057	1
8058	2
8059	1
8064	4
8065	2
8070	1
8073	3
8076	3
8077	1
8079	1
8080	1
8082	2
8088	4
8094	2
8097	1
8101	1
8103	1
8106	4
8109	3
8111	1
8115	2
8118	2
8122	1
8124	2
8125	1
8126	3
8127	4
8128	1
8133	1
8136	5
8142	2
8145	2
8148	2
8150	1
8153	2
8154	8
8157	1
8158	1
8160	2
8166	3
8168	4
8169	3
8171	3
8172	3
8173	4
8181	1
8182	1
8184	3
8187	2
8190	13
8191	2
8196	2
8199	2
8200	3
8202	1
8205	4
8208	1
8214	1
8220	10
8227	1
8229	1
8230	1
8232	5
8233	4
8238	3
8241	7
8250	2
8253	1
8254	3
8256	3
8257	1
8259	4
8262	1
8266	4
8268	1
8271	2
8280	2
8283	5
8286	4
8289	2
8292	3
8295	7
8298	2
8310	1
8314	1
8316	2
8325	4
8328	1
8331	2
8334	2
8336	5
8337	2
8343	3
8346	1
8349	1
8351	1
8352	1
8355	4
8358	3
8361	1
8364	2
8367	1
8370	4
8377	1
8385	5
8389	1
8391	6
8393	1
8397	2
8400	1
8403	1
8409	1
8412	3
8418	2
8420	1
8424	3
8427	5
8429	1
8430	1
8433	1
8436	2
8437	1
8439	1
8442	3
8445	3
8450	19
8451	8
8454	1
8455	1
8456	1
8457	3
8460	3
8463	2
8464	2
8466	3
8469	1
8472	5
8477	2
8478	1
8479	1
8481	1
8487	10
8489	1
8490	2
8493	5
8496	1
8497	1
8499	3
8505	1
8508	1
8509	1
8511	2
8514	1
8517	4
8518	1
8520	2
8523	2
8526	1
8530	1
8533	5
8534	1
8538	3
8541	1
8543	1
8544	1
8547	1
8553	5
8559	1
8565	1
8568	1
8571	1
8574	1
8577	2
8580	2
8582	1
8583	3
8586	1
8589	6
8591	1
8592	2
8594	1
8595	1
8598	1
8601	1
8604	8
8606	1
8607	1
8610	2
8613	2
8614	7
8619	1
8625	3
8628	2
8630	5
8631	2
8632	2
8634	4
8637	1
8643	1
8646	3
8652	2
8654	1
8657	1
8659	2
8667	1
8673	4
8679	7
8685	7
8688	2
8689	1
8691	1
8694	2
8697	1
8700	1
8703	1
8706	1
8709	1
8715	2
8718	4
8721	2
8724	2
8727	3
8736	6
8742	1
8745	3
8748	6
8751	4
8754	1
8755	1
8757	4
8760	5
8763	3
8766	4
8769	1
8770	2
8772	6
8777	1
8778	2
8781	1
8784	1
8787	5
8794	3
8796	1
8800	1
8801	2
8802	3
8805	1
8806	2
8808	4
8809	1
8811	3
8813	2
8815	2
8816	1
8817	5
8820	1
8822	1
8823	3
8826	1
8829	1
8830	1
8832	4
8835	8
8838	3
8841	2
8847	3
8850	4
8853	3
8855	1
8856	6
8859	3
8860	1
8862	4
8863	3
8865	5
8866	2
8870	1
8871	7
8874	1
8877	1
8878	8
8880	4
8881	1
8886	3
8887	2
8888	1
8889	2
8893	1
8895	3
8897	1
8904	3
8907	1
8910	1
8913	1
8915	2
8916	3
8919	3
8922	2
8931	2
8933	1
8934	4
8937	1
8940	2
8943	2
8946	2
8951	1
8952	9
8953	1
8955	1
8961	2
8963	1
8967	1
8974	4
8975	1
8976	3
8985	1
8986	1
8991	1
8994	3
9000	4
9003	2
9006	1
9009	2
9012	2
9021	4
9024	4
9027	1
9030	3
9045	1
9048	1
9050	1
9051	1
9057	2
9059	2
9063	3
9066	3
9069	5
9072	3
9075	3
9081	7
9088	1
9090	5
9093	2
9096	5
9100	1
9102	1
9103	4
9105	2
9108	3
9111	2
9114	2
9117	2
9120	3
9123	2
9126	1
9127	4
9129	1
9132	6
9141	4
9150	1
9159	1
9162	1
9168	1
9171	1
9174	4
9179	1
9180	2
9183	1
9186	4
9187	6
9189	3
9192	3
9194	1
9197	1
9198	2
9202	1
9204	1
9205	3
9208	2
9210	2
9217	1
9221	1
9222	4
9223	8
9225	2
9226	2
9227	7
9228	1
9229	1
9231	2
9237	2
9240	2
9245	1
9249	1
9255	2
9258	1
9261	2
9264	1
9270	9
9273	2
9279	6
9282	5
9285	1
9286	2
9288	4
9291	1
9294	3
9297	2
9300	1
9303	1
9307	1
9309	2
9310	3
9311	1
9312	3
9314	6
9316	2
9317	6
9318	6
9327	14
9328	2
9329	2
9330	2
9331	1
9332	2
9336	4
9338	2
9342	2
9343	4
9345	2
9348	1
9349	5
9354	2
9355	3
9360	1
9363	2
9366	3
9367	1
9372	2
9375	4
9378	5
9381	2
9384	2
9387	3
9389	1
9390	1
9393	2
9396	4
9402	1
9406	1
9407	1
9408	2
9410	1
9412	1
9414	2
9416	2
9417	7
9420	1
9423	9
9429	1
9432	3
9435	2
9438	5
9441	1
9444	1
9445	1
9447	3
9453	3
9456	5
9459	1
9465	1
9468	2
9471	2
9474	2
9477	1
9480	1
9483	10
9486	4
9489	4
9492	6
9495	1
9498	4
9499	1
9501	3
9510	5
9511	1
9513	2
9516	7
9521	1
9522	6
9531	2
9536	1
9540	3
9541	2
9543	8
9552	1
9555	2
9556	1
9562	6
9564	3
9565	1
9574	7
9576	1
9578	1
9579	2
9582	1
9584	1
9585	1
9586	1
9587	2
9588	1
9590	1
9591	2
9593	1
9595	3
9596	1
9597	3
9599	3
9602	2
9603	1
9606	6
9608	1
9610	2
9611	1
9613	1
9614	1
9615	3
9616	1
9617	1
9618	8
9621	3
9622	1
9624	2
9625	1
9626	1
9627	2
9633	1
9634	1
9639	1
9648	4
9650	1
9651	4
9653	1
9654	1
9655	1
9657	2
9659	2
9660	2
9667	1
9669	1
9672	3
9674	1
9675	1
9676	1
9678	2
9679	1
9681	2
9684	3
9687	3
9690	1
9696	3
9697	2
9705	5
9711	7
9714	2
9715	1
9717	4
9720	2
9723	1
9724	1
9725	1
9726	1
9728	3
9729	1
9735	6
9740	1
9741	1
9742	1
9744	2
9747	1
9749	1
9750	4
9758	1
9761	1
9762	1
9768	1
9771	1
9774	4
9777	1
9778	1
9780	5
9783	4
9789	5
9792	6
9798	1
9804	1
9807	1
9813	1
9816	4
9819	1
9823	1
9824	1
9825	2
9830	1
9831	1
9833	1
9837	2
9840	1
9843	1
9846	3
9849	3
9850	1
9852	1
9854	1
9856	2
9861	1
9864	5
9865	1
9867	1
9870	3
9873	1
9879	2
9882	1
9886	2
9888	3
9891	1
9898	1
9909	5
9912	5
9915	2
9916	1
9918	5
9919	1
9921	2
9924	1
9930	3
9933	4
9936	5
9942	1
9947	2
9949	2
9950	3
9951	9
9954	4
9957	1
9960	6
9974	1
9975	2
9976	1
9978	1
9984	2
9987	2
9990	2
9991	1
9993	3
9996	4
10000	1
10002	1
10011	1
10014	3
10017	1
10019	1
10020	2
10023	2
10026	2
10029	1
10032	1
10035	16
10038	1
10050	1
10053	3
10054	1
10062	5
10063	1
10065	1
10066	1
10067	1
10073	4
10074	2
10077	1
10080	2
10084	1
10086	1
10087	2
10088	3
10089	3
10098	1
10110	2
10116	2
10119	2
10121	1
10122	3
10125	1
10128	1
10129	2
10130	1
10134	3
10140	2
10142	2
10143	1
10144	1
10146	13
10147	3
10148	1
10149	1
10151	1
10152	2
10161	4
10164	2
10167	1
10170	7
10171	5
10173	1
10175	1
10176	7
10182	1
10185	2
10186	1
10187	1
10188	4
10189	2
10191	3
10196	1
10197	1
10200	2
10203	2
10204	1
10206	3
10209	1
10212	1
10213	2
10215	4
10217	1
10221	1
10223	1
10224	1
10225	2
10227	1
10228	2
10235	1
10236	3
10237	1
10239	1
10242	3
10244	1
10245	11
10248	3
10251	5
10254	1
10256	1
10257	1
10258	2
10259	1
10260	4
10262	1
10263	3
10264	1
10269	3
10270	1
10271	1
10272	3
10275	2
10278	1
10281	1
10284	2
10289	1
10290	1
10291	2
10293	3
10297	2
10298	1
10299	1
10302	4
10303	1
10305	1
10306	1
10308	2
10318	1
10320	6
10323	2
10327	3
10329	3
10330	1
10332	3
10335	2
10336	1
10338	2
10339	1
10340	1
10341	1
10344	13
10347	4
10350	2
10353	1
10355	1
10356	5
10359	4
10360	1
10361	3
10362	1
10363	2
10365	2
10366	5
10367	3
10368	1
10369	5
10370	2
10372	5
10373	7
10374	3
10375	13
10376	3
10377	3
10378	2
10380	2
10381	2
10391	1
10392	1
10394	1
10395	1
10398	1
10404	2
10405	2
10406	1
10411	1
10412	1
10428	1
10429	2
10433	1
10434	1
10443	2
10446	1
10448	1
10450	1
10453	1
10459	1
10460	9
10463	1
10472	1
10473	3
10476	1
10483	1
10485	1
10487	1
10488	1
10490	1
10492	1
10493	1
10496	1
10497	1
10498	1
10512	2
10522	1
10524	1
10532	2
10538	1
10544	9
10549	1
10554	2
10562	1
10568	1
10569	1
10586	1
10595	1
10596	13
10599	1
10600	1
10601	1
10603	1
10613	1
10614	2
10615	1
10616	3
10617	1
10620	1
10621	2
10627	1
10630	2
10632	3
10635	1
10636	1
10639	1
10649	1
10652	2
10653	1
10654	3
10655	1
10656	1
10657	1
10658	2
10659	1
10661	2
10662	1
10664	2
10665	2
10667	3
10668	1
10669	1
10670	1
10671	1
10672	1
10673	1
10674	1
10675	1
10677	3
10678	2
10679	2
10680	1
10685	1
10686	1
10691	1
10694	3
10698	1
10700	1
10701	1
10703	1
10708	1
10710	1
10712	1
10715	1
10716	1
10718	1
10719	2
10725	1
10726	3
10727	1
10728	1
10729	1
10731	2
10732	3
10736	1
10737	1
10738	1
10739	1
10740	1
10742	1
10743	1
10746	1
10747	1
10748	1
10755	2
10756	1
10757	3
10758	2
10759	1
10760	1
10762	1
10766	1
10768	1
10769	1