,residue_index,wildtype,mutant,frequency
0,1,S,A,0
1,1,S,C,0
2,1,S,D,0
3,1,S,E,0
4,1,S,F,0
5,1,S,G,0
6,1,S,H,0
7,1,S,I,0
8,1,S,K,0
9,1,S,L,0
10,1,S,M,0
11,1,S,N,0
12,1,S,P,0
13,1,S,Q,0
14,1,S,R,0
15,1,S,S,0
16,1,S,T,0
17,1,S,V,0
18,1,S,W,0
19,1,S,Y,0
20,1,S,*,0
21,2,N,A,0
22,2,N,C,0
23,2,N,D,0
24,2,N,E,0
25,2,N,F,0
26,2,N,G,0
27,2,N,H,0
28,2,N,I,0
29,2,N,K,0
30,2,N,L,0
31,2,N,M,0
32,2,N,N,0
33,2,N,P,0
34,2,N,Q,0
35,2,N,R,0
36,2,N,S,0
37,2,N,T,0
38,2,N,V,0
39,2,N,W,0
40,2,N,Y,0
41,2,N,*,0
42,3,M,A,0
43,3,M,C,0
44,3,M,D,0
45,3,M,E,0
46,3,M,F,0
47,3,M,G,0
48,3,M,H,0
49,3,M,I,0
50,3,M,K,0
51,3,M,L,0
52,3,M,M,0
53,3,M,N,0
54,3,M,P,0
55,3,M,Q,0
56,3,M,R,0
57,3,M,S,0
58,3,M,T,0
59,3,M,V,0
60,3,M,W,0
61,3,M,Y,0
62,3,M,*,0
63,4,T,A,0
64,4,T,C,0
65,4,T,D,0
66,4,T,E,0
67,4,T,F,0
68,4,T,G,0
69,4,T,H,0
70,4,T,I,1
71,4,T,K,0
72,4,T,L,0
73,4,T,M,0
74,4,T,N,0
75,4,T,P,0
76,4,T,Q,0
77,4,T,R,0
78,4,T,S,0
79,4,T,T,1
80,4,T,V,0
81,4,T,W,0
82,4,T,Y,0
83,4,T,*,0
84,5,Q,A,0
85,5,Q,C,0
86,5,Q,D,0
87,5,Q,E,0
88,5,Q,F,0
89,5,Q,G,0
90,5,Q,H,0
91,5,Q,I,0
92,5,Q,K,0
93,5,Q,L,0
94,5,Q,M,0
95,5,Q,N,0
96,5,Q,P,0
97,5,Q,Q,0
98,5,Q,R,0
99,5,Q,S,0
100,5,Q,T,0
101,5,Q,V,0
102,5,Q,W,0
103,5,Q,Y,0
104,5,Q,*,0
105,6,L,A,0
106,6,L,C,0
107,6,L,D,0
108,6,L,E,0
109,6,L,F,0
110,6,L,G,0
111,6,L,H,0
112,6,L,I,0
113,6,L,K,0
114,6,L,L,0
115,6,L,M,0
116,6,L,N,0
117,6,L,P,0
118,6,L,Q,0
119,6,L,R,0
120,6,L,S,0
121,6,L,T,0
122,6,L,V,0
123,6,L,W,0
124,6,L,Y,0
125,6,L,*,0
126,7,T,A,0
127,7,T,C,0
128,7,T,D,0
129,7,T,E,0
130,7,T,F,0
131,7,T,G,0
132,7,T,H,0
133,7,T,I,0
134,7,T,K,0
135,7,T,L,0
136,7,T,M,0
137,7,T,N,0
138,7,T,P,0
139,7,T,Q,0
140,7,T,R,0
141,7,T,S,0
142,7,T,T,0
143,7,T,V,0
144,7,T,W,0
145,7,T,Y,0
146,7,T,*,0
147,8,E,A,1
148,8,E,C,0
149,8,E,D,0
150,8,E,E,0
151,8,E,F,0
152,8,E,G,0
153,8,E,H,0
154,8,E,I,1
155,8,E,K,0
156,8,E,L,0
157,8,E,M,0
158,8,E,N,1
159,8,E,P,0
160,8,E,Q,0
161,8,E,R,0
162,8,E,S,0
163,8,E,T,0
164,8,E,V,0
165,8,E,W,0
166,8,E,Y,0
167,8,E,*,0
168,9,A,A,0
169,9,A,C,0
170,9,A,D,0
171,9,A,E,0
172,9,A,F,0
173,9,A,G,0
174,9,A,H,0
175,9,A,I,0
176,9,A,K,0
177,9,A,L,0
178,9,A,M,0
179,9,A,N,0
180,9,A,P,0
181,9,A,Q,0
182,9,A,R,0
183,9,A,S,0
184,9,A,T,0
185,9,A,V,0
186,9,A,W,0
187,9,A,Y,0
188,9,A,*,0
189,10,Q,A,0
190,10,Q,C,0
191,10,Q,D,0
192,10,Q,E,0
193,10,Q,F,0
194,10,Q,G,0
195,10,Q,H,0
196,10,Q,I,0
197,10,Q,K,0
198,10,Q,L,0
199,10,Q,M,0
200,10,Q,N,0
201,10,Q,P,0
202,10,Q,Q,0
203,10,Q,R,0
204,10,Q,S,0
205,10,Q,T,0
206,10,Q,V,0
207,10,Q,W,0
208,10,Q,Y,0
209,10,Q,*,0
210,11,I,A,0
211,11,I,C,0
212,11,I,D,0
213,11,I,E,0
214,11,I,F,0
215,11,I,G,0
216,11,I,H,0
217,11,I,I,0
218,11,I,K,0
219,11,I,L,0
220,11,I,M,0
221,11,I,N,0
222,11,I,P,0
223,11,I,Q,0
224,11,I,R,0
225,11,I,S,0
226,11,I,T,0
227,11,I,V,0
228,11,I,W,0
229,11,I,Y,0
230,11,I,*,0
231,12,I,A,0
232,12,I,C,0
233,12,I,D,0
234,12,I,E,0
235,12,I,F,0
236,12,I,G,0
237,12,I,H,0
238,12,I,I,0
239,12,I,K,0
240,12,I,L,0
241,12,I,M,0
242,12,I,N,0
243,12,I,P,0
244,12,I,Q,0
245,12,I,R,0
246,12,I,S,0
247,12,I,T,0
248,12,I,V,0
249,12,I,W,0
250,12,I,Y,0
251,12,I,*,0
252,13,A,A,0
253,13,A,C,0
254,13,A,D,0
255,13,A,E,0
256,13,A,F,0
257,13,A,G,0
258,13,A,H,0
259,13,A,I,0
260,13,A,K,0
261,13,A,L,0
262,13,A,M,0
263,13,A,N,0
264,13,A,P,0
265,13,A,Q,0
266,13,A,R,0
267,13,A,S,0
268,13,A,T,0
269,13,A,V,0
270,13,A,W,0
271,13,A,Y,0
272,13,A,*,0
273,14,I,A,0
274,14,I,C,0
275,14,I,D,0
276,14,I,E,0
277,14,I,F,0
278,14,I,G,0
279,14,I,H,0
280,14,I,I,0
281,14,I,K,0
282,14,I,L,0
283,14,I,M,0
284,14,I,N,0
285,14,I,P,0
286,14,I,Q,0
287,14,I,R,0
288,14,I,S,1
289,14,I,T,0
290,14,I,V,0
291,14,I,W,0
292,14,I,Y,0
293,14,I,*,0
294,15,I,A,0
295,15,I,C,0
296,15,I,D,0
297,15,I,E,0
298,15,I,F,0
299,15,I,G,0
300,15,I,H,0
301,15,I,I,0
302,15,I,K,0
303,15,I,L,0
304,15,I,M,0
305,15,I,N,0
306,15,I,P,0
307,15,I,Q,0
308,15,I,R,0
309,15,I,S,0
310,15,I,T,0
311,15,I,V,2
312,15,I,W,0
313,15,I,Y,0
314,15,I,*,0
315,16,K,A,0
316,16,K,C,0
317,16,K,D,0
318,16,K,E,0
319,16,K,F,0
320,16,K,G,0
321,16,K,H,0
322,16,K,I,0
323,16,K,K,0
324,16,K,L,0
325,16,K,M,0
326,16,K,N,0
327,16,K,P,0
328,16,K,Q,0
329,16,K,R,0
330,16,K,S,0
331,16,K,T,0
332,16,K,V,0
333,16,K,W,0
334,16,K,Y,0
335,16,K,*,0
336,17,D,A,0
337,17,D,C,0
338,17,D,D,0
339,17,D,E,0
340,17,D,F,0
341,17,D,G,0
342,17,D,H,0
343,17,D,I,0
344,17,D,K,0
345,17,D,L,0
346,17,D,M,0
347,17,D,N,0
348,17,D,P,0
349,17,D,Q,0
350,17,D,R,0
351,17,D,S,0
352,17,D,T,0
353,17,D,V,0
354,17,D,W,0
355,17,D,Y,0
356,17,D,*,0
357,18,W,A,0
358,18,W,C,0
359,18,W,D,0
360,18,W,E,0
361,18,W,F,0
362,18,W,G,0
363,18,W,H,0
364,18,W,I,0
365,18,W,K,0
366,18,W,L,0
367,18,W,M,0
368,18,W,N,0
369,18,W,P,0
370,18,W,Q,0
371,18,W,R,0
372,18,W,S,0
373,18,W,T,0
374,18,W,V,0
375,18,W,W,0
376,18,W,Y,0
377,18,W,*,0
378,19,N,A,0
379,19,N,C,0
380,19,N,D,0
381,19,N,E,0
382,19,N,F,0
383,19,N,G,0
384,19,N,H,0
385,19,N,I,0
386,19,N,K,0
387,19,N,L,0
388,19,N,M,0
389,19,N,N,0
390,19,N,P,0
391,19,N,Q,0
392,19,N,R,0
393,19,N,S,0
394,19,N,T,0
395,19,N,V,0
396,19,N,W,0
397,19,N,Y,0
398,19,N,*,0
399,20,F,A,0
400,20,F,C,0
401,20,F,D,0
402,20,F,E,0
403,20,F,F,0
404,20,F,G,0
405,20,F,H,2
406,20,F,I,0
407,20,F,K,0
408,20,F,L,0
409,20,F,M,0
410,20,F,N,0
411,20,F,P,0
412,20,F,Q,0
413,20,F,R,0
414,20,F,S,1
415,20,F,T,0
416,20,F,V,0
417,20,F,W,0
418,20,F,Y,0
419,20,F,*,0
420,21,A,A,0
421,21,A,C,0
422,21,A,D,0
423,21,A,E,0
424,21,A,F,0
425,21,A,G,0
426,21,A,H,0
427,21,A,I,0
428,21,A,K,0
429,21,A,L,0
430,21,A,M,0
431,21,A,N,0
432,21,A,P,0
433,21,A,Q,0
434,21,A,R,0
435,21,A,S,0
436,21,A,T,0
437,21,A,V,0
438,21,A,W,0
439,21,A,Y,0
440,21,A,*,0
441,22,W,A,0
442,22,W,C,0
443,22,W,D,0
444,22,W,E,0
445,22,W,F,0
446,22,W,G,0
447,22,W,H,0
448,22,W,I,0
449,22,W,K,0
450,22,W,L,0
451,22,W,M,0
452,22,W,N,0
453,22,W,P,0
454,22,W,Q,0
455,22,W,R,0
456,22,W,S,0
457,22,W,T,0
458,22,W,V,1
459,22,W,W,0
460,22,W,Y,0
461,22,W,*,0
462,23,S,A,0
463,23,S,C,0
464,23,S,D,0
465,23,S,E,0
466,23,S,F,0
467,23,S,G,0
468,23,S,H,0
469,23,S,I,0
470,23,S,K,0
471,23,S,L,0
472,23,S,M,0
473,23,S,N,0
474,23,S,P,0
475,23,S,Q,0
476,23,S,R,0
477,23,S,S,0
478,23,S,T,0
479,23,S,V,0
480,23,S,W,0
481,23,S,Y,0
482,23,S,*,0
483,24,L,A,0
484,24,L,C,0
485,24,L,D,0
486,24,L,E,0
487,24,L,F,0
488,24,L,G,0
489,24,L,H,0
490,24,L,I,0
491,24,L,K,0
492,24,L,L,0
493,24,L,M,0
494,24,L,N,0
495,24,L,P,0
496,24,L,Q,0
497,24,L,R,0
498,24,L,S,0
499,24,L,T,0
500,24,L,V,0
501,24,L,W,0
502,24,L,Y,0
503,24,L,*,0
504,25,I,A,0
505,25,I,C,0
506,25,I,D,0
507,25,I,E,0
508,25,I,F,0
509,25,I,G,0
510,25,I,H,0
511,25,I,I,0
512,25,I,K,0
513,25,I,L,0
514,25,I,M,0
515,25,I,N,0
516,25,I,P,0
517,25,I,Q,0
518,25,I,R,0
519,25,I,S,0
520,25,I,T,0
521,25,I,V,0
522,25,I,W,0
523,25,I,Y,0
524,25,I,*,0
525,26,F,A,0
526,26,F,C,0
527,26,F,D,0
528,26,F,E,0
529,26,F,F,0
530,26,F,G,0
531,26,F,H,0
532,26,F,I,0
533,26,F,K,0
534,26,F,L,0
535,26,F,M,0
536,26,F,N,0
537,26,F,P,0
538,26,F,Q,0
539,26,F,R,0
540,26,F,S,0
541,26,F,T,0
542,26,F,V,1
543,26,F,W,0
544,26,F,Y,0
545,26,F,*,0
546,27,L,A,0
547,27,L,C,0
548,27,L,D,0
549,27,L,E,0
550,27,L,F,0
551,27,L,G,0
552,27,L,H,0
553,27,L,I,0
554,27,L,K,0
555,27,L,L,0
556,27,L,M,0
557,27,L,N,0
558,27,L,P,0
559,27,L,Q,0
560,27,L,R,0
561,27,L,S,0
562,27,L,T,0
563,27,L,V,0
564,27,L,W,0
565,27,L,Y,0
566,27,L,*,0
567,28,L,A,0
568,28,L,C,0
569,28,L,D,0
570,28,L,E,0
571,28,L,F,0
572,28,L,G,0
573,28,L,H,0
574,28,L,I,0
575,28,L,K,0
576,28,L,L,0
577,28,L,M,0
578,28,L,N,0
579,28,L,P,0
580,28,L,Q,0
581,28,L,R,0
582,28,L,S,0
583,28,L,T,0
584,28,L,V,0
585,28,L,W,0
586,28,L,Y,0
587,28,L,*,0
588,29,I,A,0
589,29,I,C,0
590,29,I,D,0
591,29,I,E,0
592,29,I,F,0
593,29,I,G,0
594,29,I,H,0
595,29,I,I,0
596,29,I,K,0
597,29,I,L,0
598,29,I,M,0
599,29,I,N,0
600,29,I,P,0
601,29,I,Q,0
602,29,I,R,0
603,29,I,S,0
604,29,I,T,0
605,29,I,V,0
606,29,I,W,0
607,29,I,Y,0
608,29,I,*,0
609,30,T,A,0
610,30,T,C,0
611,30,T,D,0
612,30,T,E,0
613,30,T,F,0
614,30,T,G,0
615,30,T,H,0
616,30,T,I,0
617,30,T,K,0
618,30,T,L,0
619,30,T,M,0
620,30,T,N,0
621,30,T,P,0
622,30,T,Q,0
623,30,T,R,0
624,30,T,S,0
625,30,T,T,0
626,30,T,V,0
627,30,T,W,0
628,30,T,Y,0
629,30,T,*,0
630,31,I,A,0
631,31,I,C,0
632,31,I,D,0
633,31,I,E,0
634,31,I,F,0
635,31,I,G,0
636,31,I,H,0
637,31,I,I,0
638,31,I,K,0
639,31,I,L,0
640,31,I,M,0
641,31,I,N,0
642,31,I,P,0
643,31,I,Q,0
644,31,I,R,0
645,31,I,S,0
646,31,I,T,0
647,31,I,V,0
648,31,I,W,0
649,31,I,Y,0
650,31,I,*,0
651,32,V,A,0
652,32,V,C,0
653,32,V,D,0
654,32,V,E,0
655,32,V,F,0
656,32,V,G,0
657,32,V,H,0
658,32,V,I,0
659,32,V,K,0
660,32,V,L,0
661,32,V,M,0
662,32,V,N,0
663,32,V,P,0
664,32,V,Q,0
665,32,V,R,0
666,32,V,S,0
667,32,V,T,0
668,32,V,V,0
669,32,V,W,0
670,32,V,Y,0
671,32,V,*,0
672,33,L,A,0
673,33,L,C,0
674,33,L,D,0
675,33,L,E,0
676,33,L,F,0
677,33,L,G,0
678,33,L,H,0
679,33,L,I,0
680,33,L,K,0
681,33,L,L,0
682,33,L,M,0
683,33,L,N,0
684,33,L,P,0
685,33,L,Q,0
686,33,L,R,0
687,33,L,S,0
688,33,L,T,0
689,33,L,V,0
690,33,L,W,0
691,33,L,Y,0
692,33,L,*,0
693,34,Q,A,0
694,34,Q,C,0
695,34,Q,D,0
696,34,Q,E,0
697,34,Q,F,0
698,34,Q,G,0
699,34,Q,H,0
700,34,Q,I,0
701,34,Q,K,0
702,34,Q,L,0
703,34,Q,M,0
704,34,Q,N,0
705,34,Q,P,0
706,34,Q,Q,0
707,34,Q,R,0
708,34,Q,S,0
709,34,Q,T,0
710,34,Q,V,0
711,34,Q,W,0
712,34,Q,Y,0
713,34,Q,*,0
714,35,Y,A,0
715,35,Y,C,0
716,35,Y,D,0
717,35,Y,E,0
718,35,Y,F,0
719,35,Y,G,0
720,35,Y,H,0
721,35,Y,I,0
722,35,Y,K,0
723,35,Y,L,0
724,35,Y,M,0
725,35,Y,N,0
726,35,Y,P,0
727,35,Y,Q,0
728,35,Y,R,0
729,35,Y,S,0
730,35,Y,T,0
731,35,Y,V,0
732,35,Y,W,0
733,35,Y,Y,0
734,35,Y,*,0
735,36,G,A,0
736,36,G,C,0
737,36,G,D,0
738,36,G,E,0
739,36,G,F,0
740,36,G,G,0
741,36,G,H,0
742,36,G,I,0
743,36,G,K,0
744,36,G,L,0
745,36,G,M,0
746,36,G,N,0
747,36,G,P,0
748,36,G,Q,0
749,36,G,R,0
750,36,G,S,0
751,36,G,T,0
752,36,G,V,0
753,36,G,W,0
754,36,G,Y,0
755,36,G,*,0
756,37,Y,A,0
757,37,Y,C,0
758,37,Y,D,0
759,37,Y,E,0
760,37,Y,F,0
761,37,Y,G,0
762,37,Y,H,0
763,37,Y,I,0
764,37,Y,K,0
765,37,Y,L,0
766,37,Y,M,0
767,37,Y,N,0
768,37,Y,P,0
769,37,Y,Q,0
770,37,Y,R,0
771,37,Y,S,0
772,37,Y,T,0
773,37,Y,V,0
774,37,Y,W,0
775,37,Y,Y,0
776,37,Y,*,0
777,38,P,A,0
778,38,P,C,0
779,38,P,D,0
780,38,P,E,0
781,38,P,F,0
782,38,P,G,0
783,38,P,H,0
784,38,P,I,0
785,38,P,K,0
786,38,P,L,0
787,38,P,M,0
788,38,P,N,0
789,38,P,P,0
790,38,P,Q,0
791,38,P,R,0
792,38,P,S,0
793,38,P,T,0
794,38,P,V,0
795,38,P,W,0
796,38,P,Y,0
797,38,P,*,0
798,39,S,A,0
799,39,S,C,0
800,39,S,D,0
801,39,S,E,0
802,39,S,F,0
803,39,S,G,0
804,39,S,H,0
805,39,S,I,0
806,39,S,K,0
807,39,S,L,0
808,39,S,M,0
809,39,S,N,0
810,39,S,P,0
811,39,S,Q,0
812,39,S,R,0
813,39,S,S,0
814,39,S,T,0
815,39,S,V,0
816,39,S,W,0
817,39,S,Y,0
818,39,S,*,0
819,40,R,A,0
820,40,R,C,0
821,40,R,D,0
822,40,R,E,0
823,40,R,F,0
824,40,R,G,0
825,40,R,H,0
826,40,R,I,0
827,40,R,K,0
828,40,R,L,0
829,40,R,M,0
830,40,R,N,0
831,40,R,P,0
832,40,R,Q,0
833,40,R,R,0
834,40,R,S,0
835,40,R,T,0
836,40,R,V,0
837,40,R,W,0
838,40,R,Y,0
839,40,R,*,0
840,41,S,A,0
841,41,S,C,0
842,41,S,D,0
843,41,S,E,0
844,41,S,F,0
845,41,S,G,0
846,41,S,H,0
847,41,S,I,0
848,41,S,K,0
849,41,S,L,0
850,41,S,M,0
851,41,S,N,0
852,41,S,P,0
853,41,S,Q,0
854,41,S,R,0
855,41,S,S,0
856,41,S,T,0
857,41,S,V,0
858,41,S,W,0
859,41,S,Y,0
860,41,S,*,0
861,42,M,A,0
862,42,M,C,0
863,42,M,D,0
864,42,M,E,0
865,42,M,F,0
866,42,M,G,0
867,42,M,H,0
868,42,M,I,0
869,42,M,K,0
870,42,M,L,0
871,42,M,M,0
872,42,M,N,0
873,42,M,P,0
874,42,M,Q,0
875,42,M,R,0
876,42,M,S,0
877,42,M,T,0
878,42,M,V,0
879,42,M,W,0
880,42,M,Y,0
881,42,M,*,0
882,43,T,A,0
883,43,T,C,0
884,43,T,D,0
885,43,T,E,0
886,43,T,F,0
887,43,T,G,0
888,43,T,H,0
889,43,T,I,0
890,43,T,K,0
891,43,T,L,0
892,43,T,M,0
893,43,T,N,0
894,43,T,P,0
895,43,T,Q,0
896,43,T,R,0
897,43,T,S,0
898,43,T,T,0
899,43,T,V,0
900,43,T,W,0
901,43,T,Y,0
902,43,T,*,0
903,44,V,A,0
904,44,V,C,0
905,44,V,D,0
906,44,V,E,0
907,44,V,F,0
908,44,V,G,0
909,44,V,H,0
910,44,V,I,0
911,44,V,K,0
912,44,V,L,0
913,44,V,M,0
914,44,V,N,0
915,44,V,P,0
916,44,V,Q,0
917,44,V,R,0
918,44,V,S,0
919,44,V,T,0
920,44,V,V,0
921,44,V,W,0
922,44,V,Y,0
923,44,V,*,0
924,45,Y,A,0
925,45,Y,C,0
926,45,Y,D,0
927,45,Y,E,0
928,45,Y,F,0
929,45,Y,G,0
930,45,Y,H,0
931,45,Y,I,0
932,45,Y,K,0
933,45,Y,L,0
934,45,Y,M,0
935,45,Y,N,0
936,45,Y,P,0
937,45,Y,Q,0
938,45,Y,R,0
939,45,Y,S,0
940,45,Y,T,0
941,45,Y,V,0
942,45,Y,W,0
943,45,Y,Y,0
944,45,Y,*,0
945,46,V,A,0
946,46,V,C,0
947,46,V,D,0
948,46,V,E,0
949,46,V,F,0
950,46,V,G,0
951,46,V,H,0
952,46,V,I,0
953,46,V,K,0
954,46,V,L,0
955,46,V,M,0
956,46,V,N,0
957,46,V,P,0
958,46,V,Q,0
959,46,V,R,0
960,46,V,S,0
961,46,V,T,0
962,46,V,V,0
963,46,V,W,0
964,46,V,Y,0
965,46,V,*,0
966,47,F,A,0
967,47,F,C,0
968,47,F,D,0
969,47,F,E,0
970,47,F,F,0
971,47,F,G,0
972,47,F,H,0
973,47,F,I,0
974,47,F,K,0
975,47,F,L,0
976,47,F,M,0
977,47,F,N,0
978,47,F,P,0
979,47,F,Q,0
980,47,F,R,0
981,47,F,S,0
982,47,F,T,0
983,47,F,V,0
984,47,F,W,0
985,47,F,Y,0
986,47,F,*,0
987,48,K,A,0
988,48,K,C,0
989,48,K,D,0
990,48,K,E,0
991,48,K,F,0
992,48,K,G,0
993,48,K,H,0
994,48,K,I,0
995,48,K,K,0
996,48,K,L,0
997,48,K,M,0
998,48,K,N,0
999,48,K,P,0
1000,48,K,Q,0
1001,48,K,R,0
1002,48,K,S,0
1003,48,K,T,0
1004,48,K,V,0
1005,48,K,W,0
1006,48,K,Y,0
1007,48,K,*,0
1008,49,M,A,0
1009,49,M,C,0
1010,49,M,D,0
1011,49,M,E,0
1012,49,M,F,0
1013,49,M,G,0
1014,49,M,H,0
1015,49,M,I,0
1016,49,M,K,0
1017,49,M,L,0
1018,49,M,M,0
1019,49,M,N,0
1020,49,M,P,0
1021,49,M,Q,0
1022,49,M,R,0
1023,49,M,S,0
1024,49,M,T,0
1025,49,M,V,0
1026,49,M,W,0
1027,49,M,Y,0
1028,49,M,*,0
1029,50,F,A,0
1030,50,F,C,0
1031,50,F,D,0
1032,50,F,E,0
1033,50,F,F,0
1034,50,F,G,0
1035,50,F,H,0
1036,50,F,I,0
1037,50,F,K,0
1038,50,F,L,0
1039,50,F,M,0
1040,50,F,N,0
1041,50,F,P,0
1042,50,F,Q,0
1043,50,F,R,0
1044,50,F,S,0
1045,50,F,T,0
1046,50,F,V,0
1047,50,F,W,0
1048,50,F,Y,0
1049,50,F,*,0
1050,51,V,A,0
1051,51,V,C,0
1052,51,V,D,0
1053,51,V,E,0
1054,51,V,F,0
1055,51,V,G,0
1056,51,V,H,0
1057,51,V,I,0
1058,51,V,K,0
1059,51,V,L,0
1060,51,V,M,0
1061,51,V,N,0
1062,51,V,P,0
1063,51,V,Q,0
1064,51,V,R,0
1065,51,V,S,0
1066,51,V,T,0
1067,51,V,V,0
1068,51,V,W,0
1069,51,V,Y,0
1070,51,V,*,0
1071,52,L,A,0
1072,52,L,C,0
1073,52,L,D,0
1074,52,L,E,0
1075,52,L,F,0
1076,52,L,G,0
1077,52,L,H,0
1078,52,L,I,0
1079,52,L,K,0
1080,52,L,L,0
1081,52,L,M,0
1082,52,L,N,0
1083,52,L,P,0
1084,52,L,Q,0
1085,52,L,R,0
1086,52,L,S,0
1087,52,L,T,0
1088,52,L,V,0
1089,52,L,W,0
1090,52,L,Y,0
1091,52,L,*,0
1092,53,W,A,0
1093,53,W,C,0
1094,53,W,D,0
1095,53,W,E,0
1096,53,W,F,0
1097,53,W,G,0
1098,53,W,H,0
1099,53,W,I,0
1100,53,W,K,0
1101,53,W,L,0
1102,53,W,M,0
1103,53,W,N,0
1104,53,W,P,0
1105,53,W,Q,0
1106,53,W,R,0
1107,53,W,S,0
1108,53,W,T,0
1109,53,W,V,0
1110,53,W,W,0
1111,53,W,Y,0
1112,53,W,*,0
1113,54,L,A,0
1114,54,L,C,0
1115,54,L,D,0
1116,54,L,E,0
1117,54,L,F,0
1118,54,L,G,0
1119,54,L,H,0
1120,54,L,I,0
1121,54,L,K,0
1122,54,L,L,0
1123,54,L,M,0
1124,54,L,N,0
1125,54,L,P,0
1126,54,L,Q,0
1127,54,L,R,0
1128,54,L,S,0
1129,54,L,T,0
1130,54,L,V,0
1131,54,L,W,0
1132,54,L,Y,0
1133,54,L,*,0
1134,55,L,A,0
1135,55,L,C,0
1136,55,L,D,0
1137,55,L,E,0
1138,55,L,F,0
1139,55,L,G,0
1140,55,L,H,0
1141,55,L,I,0
1142,55,L,K,0
1143,55,L,L,0
1144,55,L,M,0
1145,55,L,N,0
1146,55,L,P,0
1147,55,L,Q,0
1148,55,L,R,0
1149,55,L,S,0
1150,55,L,T,0
1151,55,L,V,0
1152,55,L,W,0
1153,55,L,Y,0
1154,55,L,*,0
1155,56,W,A,0
1156,56,W,C,0
1157,56,W,D,0
1158,56,W,E,0
1159,56,W,F,0
1160,56,W,G,0
1161,56,W,H,0
1162,56,W,I,0
1163,56,W,K,0
1164,56,W,L,0
1165,56,W,M,0
1166,56,W,N,0
1167,56,W,P,0
1168,56,W,Q,0
1169,56,W,R,0
1170,56,W,S,0
1171,56,W,T,0
1172,56,W,V,0
1173,56,W,W,0
1174,56,W,Y,0
1175,56,W,*,0
1176,57,P,A,0
1177,57,P,C,0
1178,57,P,D,0
1179,57,P,E,0
1180,57,P,F,0
1181,57,P,G,0
1182,57,P,H,0
1183,57,P,I,0
1184,57,P,K,0
1185,57,P,L,0
1186,57,P,M,0
1187,57,P,N,0
1188,57,P,P,0
1189,57,P,Q,0
1190,57,P,R,0
1191,57,P,S,0
1192,57,P,T,0
1193,57,P,V,0
1194,57,P,W,0
1195,57,P,Y,0
1196,57,P,*,0
1197,58,S,A,0
1198,58,S,C,0
1199,58,S,D,0
1200,58,S,E,0
1201,58,S,F,0
1202,58,S,G,0
1203,58,S,H,0
1204,58,S,I,0
1205,58,S,K,0
1206,58,S,L,0
1207,58,S,M,0
1208,58,S,N,0
1209,58,S,P,0
1210,58,S,Q,0
1211,58,S,R,0
1212,58,S,S,0
1213,58,S,T,0
1214,58,S,V,0
1215,58,S,W,0
1216,58,S,Y,0
1217,58,S,*,0
1218,59,S,A,0
1219,59,S,C,0
1220,59,S,D,0
1221,59,S,E,0
1222,59,S,F,0
1223,59,S,G,0
1224,59,S,H,0
1225,59,S,I,0
1226,59,S,K,0
1227,59,S,L,0
1228,59,S,M,0
1229,59,S,N,0
1230,59,S,P,0
1231,59,S,Q,0
1232,59,S,R,0
1233,59,S,S,0
1234,59,S,T,0
1235,59,S,V,0
1236,59,S,W,0
1237,59,S,Y,0
1238,59,S,*,0
1239,60,M,A,0
1240,60,M,C,0
1241,60,M,D,0
1242,60,M,E,0
1243,60,M,F,0
1244,60,M,G,0
1245,60,M,H,0
1246,60,M,I,0
1247,60,M,K,0
1248,60,M,L,0
1249,60,M,M,0
1250,60,M,N,0
1251,60,M,P,0
1252,60,M,Q,0
1253,60,M,R,0
1254,60,M,S,0
1255,60,M,T,0
1256,60,M,V,0
1257,60,M,W,0
1258,60,M,Y,0
1259,60,M,*,0
1260,61,A,A,0
1261,61,A,C,0
1262,61,A,D,0
1263,61,A,E,0
1264,61,A,F,0
1265,61,A,G,0
1266,61,A,H,0
1267,61,A,I,0
1268,61,A,K,0
1269,61,A,L,0
1270,61,A,M,0
1271,61,A,N,0
1272,61,A,P,0
1273,61,A,Q,0
1274,61,A,R,0
1275,61,A,S,0
1276,61,A,T,0
1277,61,A,V,0
1278,61,A,W,0
1279,61,A,Y,0
1280,61,A,*,0
1281,62,L,A,0
1282,62,L,C,0
1283,62,L,D,0
1284,62,L,E,0
1285,62,L,F,0
1286,62,L,G,0
1287,62,L,H,0
1288,62,L,I,0
1289,62,L,K,0
1290,62,L,L,0
1291,62,L,M,0
1292,62,L,N,0
1293,62,L,P,0
1294,62,L,Q,0
1295,62,L,R,0
1296,62,L,S,0
1297,62,L,T,0
1298,62,L,V,0
1299,62,L,W,0
1300,62,L,Y,0
1301,62,L,*,0
1302,63,S,A,0
1303,63,S,C,0
1304,63,S,D,0
1305,63,S,E,0
1306,63,S,F,0
1307,63,S,G,0
1308,63,S,H,0
1309,63,S,I,0
1310,63,S,K,0
1311,63,S,L,0
1312,63,S,M,0
1313,63,S,N,0
1314,63,S,P,0
1315,63,S,Q,0
1316,63,S,R,0
1317,63,S,S,0
1318,63,S,T,0
1319,63,S,V,0
1320,63,S,W,0
1321,63,S,Y,0
1322,63,S,*,0
1323,64,I,A,0
1324,64,I,C,0
1325,64,I,D,0
1326,64,I,E,0
1327,64,I,F,0
1328,64,I,G,0
1329,64,I,H,0
1330,64,I,I,0
1331,64,I,K,0
1332,64,I,L,0
1333,64,I,M,0
1334,64,I,N,0
1335,64,I,P,0
1336,64,I,Q,0
1337,64,I,R,0
1338,64,I,S,0
1339,64,I,T,0
1340,64,I,V,0
1341,64,I,W,0
1342,64,I,Y,0
1343,64,I,*,0
1344,65,F,A,0
1345,65,F,C,0
1346,65,F,D,0
1347,65,F,E,0
1348,65,F,F,0
1349,65,F,G,0
1350,65,F,H,0
1351,65,F,I,0
1352,65,F,K,0
1353,65,F,L,0
1354,65,F,M,0
1355,65,F,N,0
1356,65,F,P,0
1357,65,F,Q,0
1358,65,F,R,0
1359,65,F,S,0
1360,65,F,T,0
1361,65,F,V,0
1362,65,F,W,0
1363,65,F,Y,0
1364,65,F,*,0
1365,66,S,A,0
1366,66,S,C,0
1367,66,S,D,0
1368,66,S,E,0
1369,66,S,F,0
1370,66,S,G,0
1371,66,S,H,0
1372,66,S,I,0
1373,66,S,K,0
1374,66,S,L,0
1375,66,S,M,0
1376,66,S,N,0
1377,66,S,P,0
1378,66,S,Q,0
1379,66,S,R,0
1380,66,S,S,0
1381,66,S,T,0
1382,66,S,V,0
1383,66,S,W,0
1384,66,S,Y,0
1385,66,S,*,0
1386,67,A,A,0
1387,67,A,C,0
1388,67,A,D,0
1389,67,A,E,0
1390,67,A,F,0
1391,67,A,G,0
1392,67,A,H,0
1393,67,A,I,0
1394,67,A,K,0
1395,67,A,L,0
1396,67,A,M,0
1397,67,A,N,0
1398,67,A,P,0
1399,67,A,Q,0
1400,67,A,R,0
1401,67,A,S,0
1402,67,A,T,0
1403,67,A,V,0
1404,67,A,W,0
1405,67,A,Y,0
1406,67,A,*,0
1407,68,I,A,0
1408,68,I,C,0
1409,68,I,D,0
1410,68,I,E,0
1411,68,I,F,0
1412,68,I,G,0
1413,68,I,H,0
1414,68,I,I,0
1415,68,I,K,0
1416,68,I,L,0
1417,68,I,M,0
1418,68,I,N,0
1419,68,I,P,0
1420,68,I,Q,0
1421,68,I,R,0
1422,68,I,S,0
1423,68,I,T,1
1424,68,I,V,0
1425,68,I,W,0
1426,68,I,Y,0
1427,68,I,*,0
1428,69,Y,A,0
1429,69,Y,C,0
1430,69,Y,D,0
1431,69,Y,E,0
1432,69,Y,F,1
1433,69,Y,G,0
1434,69,Y,H,0
1435,69,Y,I,4
1436,69,Y,K,0
1437,69,Y,L,0
1438,69,Y,M,0
1439,69,Y,N,0
1440,69,Y,P,0
1441,69,Y,Q,0
1442,69,Y,R,0
1443,69,Y,S,0
1444,69,Y,T,0
1445,69,Y,V,10
1446,69,Y,W,0
1447,69,Y,Y,0
1448,69,Y,*,0
1449,70,P,A,0
1450,70,P,C,0
1451,70,P,D,0
1452,70,P,E,0
1453,70,P,F,0
1454,70,P,G,0
1455,70,P,H,0
1456,70,P,I,0
1457,70,P,K,0
1458,70,P,L,0
1459,70,P,M,0
1460,70,P,N,0
1461,70,P,P,0
1462,70,P,Q,0
1463,70,P,R,0
1464,70,P,S,0
1465,70,P,T,0
1466,70,P,V,0
1467,70,P,W,0
1468,70,P,Y,0
1469,70,P,*,0
1470,71,I,A,0
1471,71,I,C,0
1472,71,I,D,0
1473,71,I,E,0
1474,71,I,F,0
1475,71,I,G,0
1476,71,I,H,0
1477,71,I,I,0
1478,71,I,K,0
1479,71,I,L,0
1480,71,I,M,0
1481,71,I,N,0
1482,71,I,P,0
1483,71,I,Q,0
1484,71,I,R,0
1485,71,I,S,0
1486,71,I,T,0
1487,71,I,V,0
1488,71,I,W,0
1489,71,I,Y,0
1490,71,I,*,0
1491,72,D,A,0
1492,72,D,C,0
1493,72,D,D,0
1494,72,D,E,0
1495,72,D,F,0
1496,72,D,G,0
1497,72,D,H,0
1498,72,D,I,0
1499,72,D,K,0
1500,72,D,L,0
1501,72,D,M,0
1502,72,D,N,0
1503,72,D,P,0
1504,72,D,Q,0
1505,72,D,R,0
1506,72,D,S,0
1507,72,D,T,0
1508,72,D,V,0
1509,72,D,W,0
1510,72,D,Y,0
1511,72,D,*,0
1512,73,L,A,0
1513,73,L,C,0
1514,73,L,D,0
1515,73,L,E,0
1516,73,L,F,0
1517,73,L,G,0
1518,73,L,H,1
1519,73,L,I,0
1520,73,L,K,0
1521,73,L,L,0
1522,73,L,M,0
1523,73,L,N,0
1524,73,L,P,0
1525,73,L,Q,0
1526,73,L,R,0
1527,73,L,S,0
1528,73,L,T,0
1529,73,L,V,0
1530,73,L,W,0
1531,73,L,Y,0
1532,73,L,*,0
1533,74,A,A,0
1534,74,A,C,0
1535,74,A,D,0
1536,74,A,E,0
1537,74,A,F,0
1538,74,A,G,0
1539,74,A,H,0
1540,74,A,I,0
1541,74,A,K,0
1542,74,A,L,0
1543,74,A,M,0
1544,74,A,N,0
1545,74,A,P,0
1546,74,A,Q,0
1547,74,A,R,0
1548,74,A,S,0
1549,74,A,T,0
1550,74,A,V,0
1551,74,A,W,0
1552,74,A,Y,0
1553,74,A,*,0
1554,75,S,A,0
1555,75,S,C,0
1556,75,S,D,0
1557,75,S,E,0
1558,75,S,F,0
1559,75,S,G,0
1560,75,S,H,0
1561,75,S,I,0
1562,75,S,K,0
1563,75,S,L,0
1564,75,S,M,0
1565,75,S,N,0
1566,75,S,P,0
1567,75,S,Q,0
1568,75,S,R,0
1569,75,S,S,1
1570,75,S,T,0
1571,75,S,V,0
1572,75,S,W,0
1573,75,S,Y,0
1574,75,S,*,0
1575,76,Q,A,0
1576,76,Q,C,0
1577,76,Q,D,0
1578,76,Q,E,0
1579,76,Q,F,0
1580,76,Q,G,0
1581,76,Q,H,0
1582,76,Q,I,0
1583,76,Q,K,0
1584,76,Q,L,0
1585,76,Q,M,0
1586,76,Q,N,0
1587,76,Q,P,0
1588,76,Q,Q,0
1589,76,Q,R,0
1590,76,Q,S,0
1591,76,Q,T,0
1592,76,Q,V,0
1593,76,Q,W,0
1594,76,Q,Y,0
1595,76,Q,*,0
1596,77,I,A,0
1597,77,I,C,0
1598,77,I,D,0
1599,77,I,E,0
1600,77,I,F,0
1601,77,I,G,0
1602,77,I,H,0
1603,77,I,I,0
1604,77,I,K,0
1605,77,I,L,0
1606,77,I,M,0
1607,77,I,N,0
1608,77,I,P,0
1609,77,I,Q,0
1610,77,I,R,0
1611,77,I,S,0
1612,77,I,T,0
1613,77,I,V,0
1614,77,I,W,0
1615,77,I,Y,0
1616,77,I,*,0
1617,78,I,A,0
1618,78,I,C,0
1619,78,I,D,0
1620,78,I,E,0
1621,78,I,F,0
1622,78,I,G,0
1623,78,I,H,0
1624,78,I,I,0
1625,78,I,K,0
1626,78,I,L,0
1627,78,I,M,0
1628,78,I,N,0
1629,78,I,P,0
1630,78,I,Q,0
1631,78,I,R,0
1632,78,I,S,0
1633,78,I,T,0
1634,78,I,V,0
1635,78,I,W,0
1636,78,I,Y,0
1637,78,I,*,0
1638,79,S,A,0
1639,79,S,C,0
1640,79,S,D,0
1641,79,S,E,0
1642,79,S,F,0
1643,79,S,G,0
1644,79,S,H,0
1645,79,S,I,0
1646,79,S,K,0
1647,79,S,L,0
1648,79,S,M,0
1649,79,S,N,0
1650,79,S,P,0
1651,79,S,Q,0
1652,79,S,R,0
1653,79,S,S,0
1654,79,S,T,1
1655,79,S,V,0
1656,79,S,W,0
1657,79,S,Y,0
1658,79,S,*,0
1659,80,G,A,0
1660,80,G,C,0
1661,80,G,D,0
1662,80,G,E,0
1663,80,G,F,0
1664,80,G,G,0
1665,80,G,H,0
1666,80,G,I,0
1667,80,G,K,0
1668,80,G,L,0
1669,80,G,M,0
1670,80,G,N,0
1671,80,G,P,0
1672,80,G,Q,0
1673,80,G,R,0
1674,80,G,S,0
1675,80,G,T,0
1676,80,G,V,0
1677,80,G,W,0
1678,80,G,Y,0
1679,80,G,*,0
1680,81,I,A,0
1681,81,I,C,0
1682,81,I,D,0
1683,81,I,E,0
1684,81,I,F,0
1685,81,I,G,0
1686,81,I,H,0
1687,81,I,I,0
1688,81,I,K,0
1689,81,I,L,0
1690,81,I,M,0
1691,81,I,N,0
1692,81,I,P,0
1693,81,I,Q,0
1694,81,I,R,0
1695,81,I,S,0
1696,81,I,T,0
1697,81,I,V,0
1698,81,I,W,0
1699,81,I,Y,0
1700,81,I,*,0
1701,82,V,A,0
1702,82,V,C,0
1703,82,V,D,0
1704,82,V,E,0
1705,82,V,F,0
1706,82,V,G,0
1707,82,V,H,0
1708,82,V,I,0
1709,82,V,K,0
1710,82,V,L,0
1711,82,V,M,0
1712,82,V,N,0
1713,82,V,P,0
1714,82,V,Q,0
1715,82,V,R,0
1716,82,V,S,0
1717,82,V,T,0
1718,82,V,V,0
1719,82,V,W,0
1720,82,V,Y,0
1721,82,V,*,0
1722,83,A,A,0
1723,83,A,C,0
1724,83,A,D,0
1725,83,A,E,0
1726,83,A,F,0
1727,83,A,G,0
1728,83,A,H,0
1729,83,A,I,0
1730,83,A,K,0
1731,83,A,L,0
1732,83,A,M,0
1733,83,A,N,0
1734,83,A,P,0
1735,83,A,Q,0
1736,83,A,R,0
1737,83,A,S,0
1738,83,A,T,0
1739,83,A,V,0
1740,83,A,W,0
1741,83,A,Y,0
1742,83,A,*,0
1743,84,A,A,0
1744,84,A,C,0
1745,84,A,D,0
1746,84,A,E,0
1747,84,A,F,0
1748,84,A,G,0
1749,84,A,H,0
1750,84,A,I,0
1751,84,A,K,0
1752,84,A,L,0
1753,84,A,M,0
1754,84,A,N,0
1755,84,A,P,0
1756,84,A,Q,0
1757,84,A,R,0
1758,84,A,S,7
1759,84,A,T,0
1760,84,A,V,0
1761,84,A,W,0
1762,84,A,Y,0
1763,84,A,*,0
1764,85,V,A,0
1765,85,V,C,0
1766,85,V,D,0
1767,85,V,E,0
1768,85,V,F,0
1769,85,V,G,0
1770,85,V,H,0
1771,85,V,I,0
1772,85,V,K,0
1773,85,V,L,0
1774,85,V,M,0
1775,85,V,N,0
1776,85,V,P,0
1777,85,V,Q,0
1778,85,V,R,0
1779,85,V,S,0
1780,85,V,T,0
1781,85,V,V,0
1782,85,V,W,0
1783,85,V,Y,0
1784,85,V,*,0
1785,86,S,A,0
1786,86,S,C,0
1787,86,S,D,0
1788,86,S,E,0
1789,86,S,F,0
1790,86,S,G,0
1791,86,S,H,0
1792,86,S,I,0
1793,86,S,K,0
1794,86,S,L,0
1795,86,S,M,0
1796,86,S,N,0
1797,86,S,P,0
1798,86,S,Q,0
1799,86,S,R,0
1800,86,S,S,0
1801,86,S,T,0
1802,86,S,V,0
1803,86,S,W,0
1804,86,S,Y,0
1805,86,S,*,0
1806,87,A,A,0
1807,87,A,C,0
1808,87,A,D,0
1809,87,A,E,0
1810,87,A,F,0
1811,87,A,G,0
1812,87,A,H,0
1813,87,A,I,0
1814,87,A,K,0
1815,87,A,L,0
1816,87,A,M,0
1817,87,A,N,0
1818,87,A,P,0
1819,87,A,Q,0
1820,87,A,R,0
1821,87,A,S,0
1822,87,A,T,0
1823,87,A,V,0
1824,87,A,W,0
1825,87,A,Y,0
1826,87,A,*,0
1827,88,M,A,0
1828,88,M,C,0
1829,88,M,D,0
1830,88,M,E,0
1831,88,M,F,0
1832,88,M,G,0
1833,88,M,H,0
1834,88,M,I,0
1835,88,M,K,0
1836,88,M,L,0
1837,88,M,M,0
1838,88,M,N,0
1839,88,M,P,0
1840,88,M,Q,0
1841,88,M,R,0
1842,88,M,S,0
1843,88,M,T,0
1844,88,M,V,0
1845,88,M,W,0
1846,88,M,Y,0
1847,88,M,*,0
1848,89,M,A,0
1849,89,M,C,0
1850,89,M,D,0
1851,89,M,E,0
1852,89,M,F,0
1853,89,M,G,0
1854,89,M,H,0
1855,89,M,I,0
1856,89,M,K,0
1857,89,M,L,0
1858,89,M,M,0
1859,89,M,N,0
1860,89,M,P,0
1861,89,M,Q,0
1862,89,M,R,0
1863,89,M,S,0
1864,89,M,T,0
1865,89,M,V,0
1866,89,M,W,0
1867,89,M,Y,0
1868,89,M,*,0
1869,90,W,A,0
1870,90,W,C,0
1871,90,W,D,0
1872,90,W,E,0
1873,90,W,F,0
1874,90,W,G,0
1875,90,W,H,0
1876,90,W,I,0
1877,90,W,K,0
1878,90,W,L,0
1879,90,W,M,0
1880,90,W,N,0
1881,90,W,P,0
1882,90,W,Q,0
1883,90,W,R,0
1884,90,W,S,0
1885,90,W,T,0
1886,90,W,V,0
1887,90,W,W,0
1888,90,W,Y,0
1889,90,W,*,0
1890,91,I,A,0
1891,91,I,C,0
1892,91,I,D,0
1893,91,I,E,0
1894,91,I,F,0
1895,91,I,G,0
1896,91,I,H,0
1897,91,I,I,0
1898,91,I,K,0
1899,91,I,L,0
1900,91,I,M,0
1901,91,I,N,0
1902,91,I,P,0
1903,91,I,Q,0
1904,91,I,R,1
1905,91,I,S,0
1906,91,I,T,0
1907,91,I,V,0
1908,91,I,W,0
1909,91,I,Y,0
1910,91,I,*,0
1911,92,S,A,0
1912,92,S,C,0
1913,92,S,D,0
1914,92,S,E,0
1915,92,S,F,0
1916,92,S,G,0
1917,92,S,H,0
1918,92,S,I,0
1919,92,S,K,0
1920,92,S,L,0
1921,92,S,M,0
1922,92,S,N,0
1923,92,S,P,0
1924,92,S,Q,0
1925,92,S,R,0
1926,92,S,S,0
1927,92,S,T,0
1928,92,S,V,0
1929,92,S,W,0
1930,92,S,Y,0
1931,92,S,*,0
1932,93,Y,A,0
1933,93,Y,C,0
1934,93,Y,D,0
1935,93,Y,E,0
1936,93,Y,F,0
1937,93,Y,G,0
1938,93,Y,H,0
1939,93,Y,I,0
1940,93,Y,K,0
1941,93,Y,L,0
1942,93,Y,M,0
1943,93,Y,N,0
1944,93,Y,P,0
1945,93,Y,Q,0
1946,93,Y,R,0
1947,93,Y,S,0
1948,93,Y,T,0
1949,93,Y,V,0
1950,93,Y,W,0
1951,93,Y,Y,0
1952,93,Y,*,0
1953,94,F,A,0
1954,94,F,C,0
1955,94,F,D,0
1956,94,F,E,0
1957,94,F,F,0
1958,94,F,G,0
1959,94,F,H,0
1960,94,F,I,0
1961,94,F,K,0
1962,94,F,L,0
1963,94,F,M,0
1964,94,F,N,0
1965,94,F,P,0
1966,94,F,Q,0
1967,94,F,R,0
1968,94,F,S,0
1969,94,F,T,0
1970,94,F,V,0
1971,94,F,W,0
1972,94,F,Y,0
1973,94,F,*,0
1974,95,V,A,0
1975,95,V,C,0
1976,95,V,D,0
1977,95,V,E,0
1978,95,V,F,0
1979,95,V,G,0
1980,95,V,H,0
1981,95,V,I,0
1982,95,V,K,0
1983,95,V,L,0
1984,95,V,M,0
1985,95,V,N,0
1986,95,V,P,0
1987,95,V,Q,0
1988,95,V,R,0
1989,95,V,S,0
1990,95,V,T,0
1991,95,V,V,0
1992,95,V,W,0
1993,95,V,Y,0
1994,95,V,*,0
1995,96,Q,A,0
1996,96,Q,C,0
1997,96,Q,D,0
1998,96,Q,E,0
1999,96,Q,F,0
2000,96,Q,G,0
2001,96,Q,H,0
2002,96,Q,I,0
2003,96,Q,K,0
2004,96,Q,L,0
2005,96,Q,M,0
2006,96,Q,N,0
2007,96,Q,P,0
2008,96,Q,Q,0
2009,96,Q,R,0
2010,96,Q,S,0
2011,96,Q,T,0
2012,96,Q,V,0
2013,96,Q,W,0
2014,96,Q,Y,0
2015,96,Q,*,0
2016,97,S,A,0
2017,97,S,C,0
2018,97,S,D,0
2019,97,S,E,0
2020,97,S,F,0
2021,97,S,G,0
2022,97,S,H,0
2023,97,S,I,0
2024,97,S,K,0
2025,97,S,L,0
2026,97,S,M,0
2027,97,S,N,0
2028,97,S,P,0
2029,97,S,Q,0
2030,97,S,R,0
2031,97,S,S,0
2032,97,S,T,0
2033,97,S,V,0
2034,97,S,W,0
2035,97,S,Y,0
2036,97,S,*,0
2037,98,I,A,0
2038,98,I,C,0
2039,98,I,D,0
2040,98,I,E,0
2041,98,I,F,0
2042,98,I,G,0
2043,98,I,H,0
2044,98,I,I,0
2045,98,I,K,0
2046,98,I,L,0
2047,98,I,M,0
2048,98,I,N,0
2049,98,I,P,0
2050,98,I,Q,0
2051,98,I,R,0
2052,98,I,S,0
2053,98,I,T,0
2054,98,I,V,0
2055,98,I,W,0
2056,98,I,Y,0
2057,98,I,*,0
2058,99,R,A,0
2059,99,R,C,0
2060,99,R,D,0
2061,99,R,E,0
2062,99,R,F,0
2063,99,R,G,0
2064,99,R,H,0
2065,99,R,I,0
2066,99,R,K,0
2067,99,R,L,0
2068,99,R,M,0
2069,99,R,N,0
2070,99,R,P,0
2071,99,R,Q,0
2072,99,R,R,0
2073,99,R,S,0
2074,99,R,T,0
2075,99,R,V,0
2076,99,R,W,0
2077,99,R,Y,0
2078,99,R,*,0
2079,100,L,A,0
2080,100,L,C,0
2081,100,L,D,0
2082,100,L,E,0
2083,100,L,F,0
2084,100,L,G,0
2085,100,L,H,0
2086,100,L,I,0
2087,100,L,K,0
2088,100,L,L,0
2089,100,L,M,0
2090,100,L,N,0
2091,100,L,P,0
2092,100,L,Q,0
2093,100,L,R,0
2094,100,L,S,0
2095,100,L,T,0
2096,100,L,V,0
2097,100,L,W,0
2098,100,L,Y,0
2099,100,L,*,0
2100,101,F,A,0
2101,101,F,C,0
2102,101,F,D,0
2103,101,F,E,0
2104,101,F,F,0
2105,101,F,G,0
2106,101,F,H,0
2107,101,F,I,0
2108,101,F,K,0
2109,101,F,L,0
2110,101,F,M,0
2111,101,F,N,0
2112,101,F,P,0
2113,101,F,Q,0
2114,101,F,R,0
2115,101,F,S,0
2116,101,F,T,0
2117,101,F,V,0
2118,101,F,W,0
2119,101,F,Y,0
2120,101,F,*,0
2121,102,M,A,0
2122,102,M,C,0
2123,102,M,D,0
2124,102,M,E,0
2125,102,M,F,0
2126,102,M,G,0
2127,102,M,H,0
2128,102,M,I,0
2129,102,M,K,0
2130,102,M,L,0
2131,102,M,M,0
2132,102,M,N,0
2133,102,M,P,0
2134,102,M,Q,0
2135,102,M,R,0
2136,102,M,S,0
2137,102,M,T,0
2138,102,M,V,0
2139,102,M,W,0
2140,102,M,Y,0
2141,102,M,*,0
2142,103,R,A,0
2143,103,R,C,0
2144,103,R,D,0
2145,103,R,E,0
2146,103,R,F,0
2147,103,R,G,0
2148,103,R,H,0
2149,103,R,I,0
2150,103,R,K,0
2151,103,R,L,0
2152,103,R,M,0
2153,103,R,N,0
2154,103,R,P,0
2155,103,R,Q,0
2156,103,R,R,0
2157,103,R,S,0
2158,103,R,T,0
2159,103,R,V,0
2160,103,R,W,0
2161,103,R,Y,0
2162,103,R,*,0
2163,104,T,A,0
2164,104,T,C,0
2165,104,T,D,0
2166,104,T,E,0
2167,104,T,F,0
2168,104,T,G,0
2169,104,T,H,0
2170,104,T,I,0
2171,104,T,K,0
2172,104,T,L,0
2173,104,T,M,0
2174,104,T,N,0
2175,104,T,P,0
2176,104,T,Q,0
2177,104,T,R,0
2178,104,T,S,0
2179,104,T,T,0
2180,104,T,V,0
2181,104,T,W,0
2182,104,T,Y,0
2183,104,T,*,0
2184,105,G,A,0
2185,105,G,C,0
2186,105,G,D,0
2187,105,G,E,0
2188,105,G,F,0
2189,105,G,G,0
2190,105,G,H,0
2191,105,G,I,0
2192,105,G,K,0
2193,105,G,L,0
2194,105,G,M,0
2195,105,G,N,0
2196,105,G,P,0
2197,105,G,Q,0
2198,105,G,R,0
2199,105,G,S,0
2200,105,G,T,0
2201,105,G,V,0
2202,105,G,W,0
2203,105,G,Y,0
2204,105,G,*,0
2205,106,S,A,0
2206,106,S,C,0
2207,106,S,D,0
2208,106,S,E,0
2209,106,S,F,0
2210,106,S,G,0
2211,106,S,H,0
2212,106,S,I,0
2213,106,S,K,0
2214,106,S,L,0
2215,106,S,M,0
2216,106,S,N,0
2217,106,S,P,0
2218,106,S,Q,0
2219,106,S,R,0
2220,106,S,S,0
2221,106,S,T,0
2222,106,S,V,0
2223,106,S,W,0
2224,106,S,Y,0
2225,106,S,*,0
2226,107,W,A,0
2227,107,W,C,0
2228,107,W,D,0
2229,107,W,E,0
2230,107,W,F,0
2231,107,W,G,0
2232,107,W,H,0
2233,107,W,I,0
2234,107,W,K,0
2235,107,W,L,0
2236,107,W,M,0
2237,107,W,N,0
2238,107,W,P,0
2239,107,W,Q,0
2240,107,W,R,0
2241,107,W,S,0
2242,107,W,T,0
2243,107,W,V,0
2244,107,W,W,0
2245,107,W,Y,0
2246,107,W,*,0
2247,108,W,A,0
2248,108,W,C,0
2249,108,W,D,0
2250,108,W,E,0
2251,108,W,F,0
2252,108,W,G,0
2253,108,W,H,0
2254,108,W,I,0
2255,108,W,K,0
2256,108,W,L,0
2257,108,W,M,0
2258,108,W,N,0
2259,108,W,P,0
2260,108,W,Q,0
2261,108,W,R,0
2262,108,W,S,0
2263,108,W,T,0
2264,108,W,V,0
2265,108,W,W,0
2266,108,W,Y,0
2267,108,W,*,0
2268,109,S,A,0
2269,109,S,C,0
2270,109,S,D,0
2271,109,S,E,0
2272,109,S,F,0
2273,109,S,G,0
2274,109,S,H,0
2275,109,S,I,0
2276,109,S,K,0
2277,109,S,L,0
2278,109,S,M,0
2279,109,S,N,0
2280,109,S,P,0
2281,109,S,Q,0
2282,109,S,R,0
2283,109,S,S,0
2284,109,S,T,0
2285,109,S,V,0
2286,109,S,W,0
2287,109,S,Y,0
2288,109,S,*,0
2289,110,F,A,0
2290,110,F,C,0
2291,110,F,D,0
2292,110,F,E,0
2293,110,F,F,0
2294,110,F,G,0
2295,110,F,H,0
2296,110,F,I,0
2297,110,F,K,0
2298,110,F,L,0
2299,110,F,M,0
2300,110,F,N,0
2301,110,F,P,0
2302,110,F,Q,0
2303,110,F,R,0
2304,110,F,S,0
2305,110,F,T,0
2306,110,F,V,0
2307,110,F,W,0
2308,110,F,Y,0
2309,110,F,*,0
2310,111,N,A,0
2311,111,N,C,0
2312,111,N,D,0
2313,111,N,E,0
2314,111,N,F,0
2315,111,N,G,0
2316,111,N,H,0
2317,111,N,I,0
2318,111,N,K,0
2319,111,N,L,0
2320,111,N,M,0
2321,111,N,N,0
2322,111,N,P,0
2323,111,N,Q,0
2324,111,N,R,0
2325,111,N,S,0
2326,111,N,T,0
2327,111,N,V,0
2328,111,N,W,0
2329,111,N,Y,0
2330,111,N,*,0
2331,112,P,A,0
2332,112,P,C,0
2333,112,P,D,0
2334,112,P,E,0
2335,112,P,F,0
2336,112,P,G,0
2337,112,P,H,0
2338,112,P,I,0
2339,112,P,K,0
2340,112,P,L,0
2341,112,P,M,0
2342,112,P,N,0
2343,112,P,P,0
2344,112,P,Q,0
2345,112,P,R,0
2346,112,P,S,0
2347,112,P,T,0
2348,112,P,V,0
2349,112,P,W,0
2350,112,P,Y,0
2351,112,P,*,0
2352,113,E,A,0
2353,113,E,C,0
2354,113,E,D,0
2355,113,E,E,0
2356,113,E,F,0
2357,113,E,G,0
2358,113,E,H,0
2359,113,E,I,0
2360,113,E,K,0
2361,113,E,L,0
2362,113,E,M,0
2363,113,E,N,0
2364,113,E,P,0
2365,113,E,Q,0
2366,113,E,R,0
2367,113,E,S,0
2368,113,E,T,0
2369,113,E,V,0
2370,113,E,W,0
2371,113,E,Y,0
2372,113,E,*,0
2373,114,T,A,0
2374,114,T,C,0
2375,114,T,D,0
2376,114,T,E,0
2377,114,T,F,0
2378,114,T,G,0
2379,114,T,H,0
2380,114,T,I,0
2381,114,T,K,0
2382,114,T,L,0
2383,114,T,M,0
2384,114,T,N,0
2385,114,T,P,0
2386,114,T,Q,0
2387,114,T,R,0
2388,114,T,S,0
2389,114,T,T,0
2390,114,T,V,0
2391,114,T,W,0
2392,114,T,Y,0
2393,114,T,*,0
2394,115,N,A,0
2395,115,N,C,0
2396,115,N,D,0
2397,115,N,E,0
2398,115,N,F,0
2399,115,N,G,0
2400,115,N,H,0
2401,115,N,I,0
2402,115,N,K,0
2403,115,N,L,0
2404,115,N,M,0
2405,115,N,N,0
2406,115,N,P,0
2407,115,N,Q,0
2408,115,N,R,0
2409,115,N,S,0
2410,115,N,T,0
2411,115,N,V,0
2412,115,N,W,0
2413,115,N,Y,0
2414,115,N,*,0
2415,116,C,A,0
2416,116,C,C,0
2417,116,C,D,0
2418,116,C,E,0
2419,116,C,F,0
2420,116,C,G,0
2421,116,C,H,0
2422,116,C,I,0
2423,116,C,K,0
2424,116,C,L,0
2425,116,C,M,0
2426,116,C,N,0
2427,116,C,P,0
2428,116,C,Q,0
2429,116,C,R,0
2430,116,C,S,0
2431,116,C,T,0
2432,116,C,V,0
2433,116,C,W,0
2434,116,C,Y,0
2435,116,C,*,0
2436,117,L,A,0
2437,117,L,C,0
2438,117,L,D,0
2439,117,L,E,0
2440,117,L,F,0
2441,117,L,G,0
2442,117,L,H,0
2443,117,L,I,0
2444,117,L,K,0
2445,117,L,L,0
2446,117,L,M,0
2447,117,L,N,0
2448,117,L,P,0
2449,117,L,Q,0
2450,117,L,R,0
2451,117,L,S,0
2452,117,L,T,0
2453,117,L,V,0
2454,117,L,W,0
2455,117,L,Y,0
2456,117,L,*,0
2457,118,L,A,0
2458,118,L,C,0
2459,118,L,D,0
2460,118,L,E,0
2461,118,L,F,0
2462,118,L,G,0
2463,118,L,H,0
2464,118,L,I,0
2465,118,L,K,0
2466,118,L,L,0
2467,118,L,M,0
2468,118,L,N,0
2469,118,L,P,0
2470,118,L,Q,0
2471,118,L,R,0
2472,118,L,S,0
2473,118,L,T,0
2474,118,L,V,0
2475,118,L,W,0
2476,118,L,Y,0
2477,118,L,*,0
2478,119,N,A,0
2479,119,N,C,0
2480,119,N,D,0
2481,119,N,E,0
2482,119,N,F,0
2483,119,N,G,0
2484,119,N,H,0
2485,119,N,I,0
2486,119,N,K,0
2487,119,N,L,0
2488,119,N,M,0
2489,119,N,N,0
2490,119,N,P,0
2491,119,N,Q,0
2492,119,N,R,0
2493,119,N,S,0
2494,119,N,T,0
2495,119,N,V,0
2496,119,N,W,0
2497,119,N,Y,0
2498,119,N,*,0
2499,120,V,A,0
2500,120,V,C,0
2501,120,V,D,0
2502,120,V,E,0
2503,120,V,F,0
2504,120,V,G,0
2505,120,V,H,0
2506,120,V,I,0
2507,120,V,K,0
2508,120,V,L,0
2509,120,V,M,0
2510,120,V,N,0
2511,120,V,P,0
2512,120,V,Q,0
2513,120,V,R,0
2514,120,V,S,0
2515,120,V,T,0
2516,120,V,V,0
2517,120,V,W,0
2518,120,V,Y,0
2519,120,V,*,0
2520,121,P,A,0
2521,121,P,C,0
2522,121,P,D,0
2523,121,P,E,0
2524,121,P,F,0
2525,121,P,G,0
2526,121,P,H,0
2527,121,P,I,0
2528,121,P,K,0
2529,121,P,L,0
2530,121,P,M,0
2531,121,P,N,0
2532,121,P,P,0
2533,121,P,Q,0
2534,121,P,R,0
2535,121,P,S,0
2536,121,P,T,0
2537,121,P,V,0
2538,121,P,W,0
2539,121,P,Y,0
2540,121,P,*,0
2541,122,I,A,0
2542,122,I,C,0
2543,122,I,D,0
2544,122,I,E,0
2545,122,I,F,0
2546,122,I,G,0
2547,122,I,H,0
2548,122,I,I,0
2549,122,I,K,0
2550,122,I,L,0
2551,122,I,M,0
2552,122,I,N,0
2553,122,I,P,0
2554,122,I,Q,0
2555,122,I,R,0
2556,122,I,S,0
2557,122,I,T,0
2558,122,I,V,0
2559,122,I,W,0
2560,122,I,Y,0
2561,122,I,*,0
2562,123,G,A,0
2563,123,G,C,0
2564,123,G,D,0
2565,123,G,E,0
2566,123,G,F,3
2567,123,G,G,0
2568,123,G,H,0
2569,123,G,I,9
2570,123,G,K,0
2571,123,G,L,0
2572,123,G,M,0
2573,123,G,N,0
2574,123,G,P,0
2575,123,G,Q,0
2576,123,G,R,0
2577,123,G,S,0
2578,123,G,T,0
2579,123,G,V,0
2580,123,G,W,0
2581,123,G,Y,0
2582,123,G,*,0
2583,124,G,A,0
2584,124,G,C,0
2585,124,G,D,0
2586,124,G,E,0
2587,124,G,F,0
2588,124,G,G,0
2589,124,G,H,0
2590,124,G,I,0
2591,124,G,K,0
2592,124,G,L,0
2593,124,G,M,0
2594,124,G,N,0
2595,124,G,P,0
2596,124,G,Q,0
2597,124,G,R,0
2598,124,G,S,0
2599,124,G,T,0
2600,124,G,V,0
2601,124,G,W,0
2602,124,G,Y,0
2603,124,G,*,0
2604,125,T,A,0
2605,125,T,C,0
2606,125,T,D,0
2607,125,T,E,0
2608,125,T,F,0
2609,125,T,G,0
2610,125,T,H,0
2611,125,T,I,0
2612,125,T,K,0
2613,125,T,L,0
2614,125,T,M,0
2615,125,T,N,0
2616,125,T,P,0
2617,125,T,Q,0
2618,125,T,R,0
2619,125,T,S,0
2620,125,T,T,0
2621,125,T,V,0
2622,125,T,W,0
2623,125,T,Y,0
2624,125,T,*,0
2625,126,T,A,0
2626,126,T,C,0
2627,126,T,D,0
2628,126,T,E,0
2629,126,T,F,0
2630,126,T,G,0
2631,126,T,H,0
2632,126,T,I,0
2633,126,T,K,0
2634,126,T,L,0
2635,126,T,M,0
2636,126,T,N,0
2637,126,T,P,0
2638,126,T,Q,0
2639,126,T,R,0
2640,126,T,S,0
2641,126,T,T,0
2642,126,T,V,0
2643,126,T,W,0
2644,126,T,Y,0
2645,126,T,*,0
2646,127,V,A,0
2647,127,V,C,0
2648,127,V,D,0
2649,127,V,E,0
2650,127,V,F,0
2651,127,V,G,0
2652,127,V,H,0
2653,127,V,I,2
2654,127,V,K,0
2655,127,V,L,0
2656,127,V,M,0
2657,127,V,N,0
2658,127,V,P,0
2659,127,V,Q,0
2660,127,V,R,0
2661,127,V,S,0
2662,127,V,T,0
2663,127,V,V,0
2664,127,V,W,0
2665,127,V,Y,0
2666,127,V,*,0
2667,128,V,A,0
2668,128,V,C,0
2669,128,V,D,0
2670,128,V,E,0
2671,128,V,F,0
2672,128,V,G,0
2673,128,V,H,0
2674,128,V,I,0
2675,128,V,K,0
2676,128,V,L,0
2677,128,V,M,0
2678,128,V,N,0
2679,128,V,P,0
2680,128,V,Q,0
2681,128,V,R,0
2682,128,V,S,0
2683,128,V,T,0
2684,128,V,V,0
2685,128,V,W,0
2686,128,V,Y,0
2687,128,V,*,0
2688,129,R,A,0
2689,129,R,C,0
2690,129,R,D,0
2691,129,R,E,0
2692,129,R,F,0
2693,129,R,G,0
2694,129,R,H,0
2695,129,R,I,0
2696,129,R,K,0
2697,129,R,L,0
2698,129,R,M,0
2699,129,R,N,0
2700,129,R,P,0
2701,129,R,Q,0
2702,129,R,R,0
2703,129,R,S,0
2704,129,R,T,0
2705,129,R,V,0
2706,129,R,W,0
2707,129,R,Y,0
2708,129,R,*,0
2709,130,P,A,0
2710,130,P,C,0
2711,130,P,D,0
2712,130,P,E,0
2713,130,P,F,0
2714,130,P,G,0
2715,130,P,H,0
2716,130,P,I,0
2717,130,P,K,0
2718,130,P,L,0
2719,130,P,M,0
2720,130,P,N,0
2721,130,P,P,0
2722,130,P,Q,0
2723,130,P,R,0
2724,130,P,S,0
2725,130,P,T,0
2726,130,P,V,0
2727,130,P,W,0
2728,130,P,Y,0
2729,130,P,*,0
2730,131,L,A,0
2731,131,L,C,0
2732,131,L,D,0
2733,131,L,E,0
2734,131,L,F,0
2735,131,L,G,0
2736,131,L,H,0
2737,131,L,I,0
2738,131,L,K,0
2739,131,L,L,0
2740,131,L,M,0
2741,131,L,N,0
2742,131,L,P,0
2743,131,L,Q,0
2744,131,L,R,0
2745,131,L,S,0
2746,131,L,T,0
2747,131,L,V,0
2748,131,L,W,0
2749,131,L,Y,0
2750,131,L,*,0
2751,132,V,A,0
2752,132,V,C,0
2753,132,V,D,0
2754,132,V,E,0
2755,132,V,F,0
2756,132,V,G,0
2757,132,V,H,0
2758,132,V,I,0
2759,132,V,K,0
2760,132,V,L,0
2761,132,V,M,0
2762,132,V,N,0
2763,132,V,P,0
2764,132,V,Q,0
2765,132,V,R,0
2766,132,V,S,0
2767,132,V,T,0
2768,132,V,V,0
2769,132,V,W,0
2770,132,V,Y,0
2771,132,V,*,0
2772,133,E,A,0
2773,133,E,C,0
2774,133,E,D,0
2775,133,E,E,0
2776,133,E,F,0
2777,133,E,G,0
2778,133,E,H,0
2779,133,E,I,0
2780,133,E,K,0
2781,133,E,L,0
2782,133,E,M,0
2783,133,E,N,0
2784,133,E,P,0
2785,133,E,Q,0
2786,133,E,R,0
2787,133,E,S,0
2788,133,E,T,0
2789,133,E,V,0
2790,133,E,W,0
2791,133,E,Y,0
2792,133,E,*,0
2793,134,D,A,0
2794,134,D,C,0
2795,134,D,D,0
2796,134,D,E,0
2797,134,D,F,0
2798,134,D,G,0
2799,134,D,H,0
2800,134,D,I,0
2801,134,D,K,0
2802,134,D,L,0
2803,134,D,M,0
2804,134,D,N,0
2805,134,D,P,0
2806,134,D,Q,0
2807,134,D,R,0
2808,134,D,S,0
2809,134,D,T,0
2810,134,D,V,0
2811,134,D,W,0
2812,134,D,Y,0
2813,134,D,*,0
2814,135,S,A,0
2815,135,S,C,0
2816,135,S,D,0
2817,135,S,E,0
2818,135,S,F,0
2819,135,S,G,0
2820,135,S,H,0
2821,135,S,I,0
2822,135,S,K,0
2823,135,S,L,0
2824,135,S,M,0
2825,135,S,N,0
2826,135,S,P,0
2827,135,S,Q,0
2828,135,S,R,0
2829,135,S,S,0
2830,135,S,T,0
2831,135,S,V,0
2832,135,S,W,0
2833,135,S,Y,0
2834,135,S,*,0
2835,136,T,A,0
2836,136,T,C,0
2837,136,T,D,0
2838,136,T,E,0
2839,136,T,F,0
2840,136,T,G,0
2841,136,T,H,0
2842,136,T,I,0
2843,136,T,K,0
2844,136,T,L,0
2845,136,T,M,0
2846,136,T,N,0
2847,136,T,P,0
2848,136,T,Q,0
2849,136,T,R,0
2850,136,T,S,0
2851,136,T,T,0
2852,136,T,V,0
2853,136,T,W,0
2854,136,T,Y,0
2855,136,T,*,0
2856,137,S,A,0
2857,137,S,C,0
2858,137,S,D,0
2859,137,S,E,0
2860,137,S,F,0
2861,137,S,G,0
2862,137,S,H,0
2863,137,S,I,0
2864,137,S,K,0
2865,137,S,L,0
2866,137,S,M,0
2867,137,S,N,0
2868,137,S,P,0
2869,137,S,Q,0
2870,137,S,R,0
2871,137,S,S,0
2872,137,S,T,0
2873,137,S,V,0
2874,137,S,W,0
2875,137,S,Y,0
2876,137,S,*,0
2877,138,V,A,0
2878,138,V,C,0
2879,138,V,D,0
2880,138,V,E,0
2881,138,V,F,0
2882,138,V,G,0
2883,138,V,H,0
2884,138,V,I,0
2885,138,V,K,0
2886,138,V,L,0
2887,138,V,M,0
2888,138,V,N,0
2889,138,V,P,0
2890,138,V,Q,0
2891,138,V,R,0
2892,138,V,S,0
2893,138,V,T,0
2894,138,V,V,0
2895,138,V,W,0
2896,138,V,Y,0
2897,138,V,*,0
2898,139,T,A,0
2899,139,T,C,0
2900,139,T,D,0
2901,139,T,E,0
2902,139,T,F,0
2903,139,T,G,0
2904,139,T,H,0
2905,139,T,I,0
2906,139,T,K,0
2907,139,T,L,0
2908,139,T,M,0
2909,139,T,N,0
2910,139,T,P,0
2911,139,T,Q,0
2912,139,T,R,0
2913,139,T,S,0
2914,139,T,T,0
2915,139,T,V,0
2916,139,T,W,0
2917,139,T,Y,0
2918,139,T,*,0
2919,140,A,A,0
2920,140,A,C,0
2921,140,A,D,0
2922,140,A,E,0
2923,140,A,F,0
2924,140,A,G,0
2925,140,A,H,0
2926,140,A,I,0
2927,140,A,K,0
2928,140,A,L,0
2929,140,A,M,0
2930,140,A,N,0
2931,140,A,P,0
2932,140,A,Q,0
2933,140,A,R,0
2934,140,A,S,0
2935,140,A,T,0
2936,140,A,V,0
2937,140,A,W,0
2938,140,A,Y,0
2939,140,A,*,0
2940,141,V,A,0
2941,141,V,C,0
2942,141,V,D,0
2943,141,V,E,0
2944,141,V,F,0
2945,141,V,G,0
2946,141,V,H,0
2947,141,V,I,0
2948,141,V,K,0
2949,141,V,L,0
2950,141,V,M,0
2951,141,V,N,0
2952,141,V,P,0
2953,141,V,Q,0
2954,141,V,R,0
2955,141,V,S,0
2956,141,V,T,0
2957,141,V,V,0
2958,141,V,W,0
2959,141,V,Y,0
2960,141,V,*,0
2961,142,V,A,0
2962,142,V,C,0
2963,142,V,D,0
2964,142,V,E,0
2965,142,V,F,0
2966,142,V,G,0
2967,142,V,H,0
2968,142,V,I,0
2969,142,V,K,0
2970,142,V,L,0
2971,142,V,M,0
2972,142,V,N,0
2973,142,V,P,0
2974,142,V,Q,0
2975,142,V,R,0
2976,142,V,S,0
2977,142,V,T,0
2978,142,V,V,0
2979,142,V,W,0
2980,142,V,Y,0
2981,142,V,*,0
2982,143,T,A,0
2983,143,T,C,0
2984,143,T,D,0
2985,143,T,E,0
2986,143,T,F,0
2987,143,T,G,0
2988,143,T,H,0
2989,143,T,I,0
2990,143,T,K,0
2991,143,T,L,0
2992,143,T,M,0
2993,143,T,N,0
2994,143,T,P,0
2995,143,T,Q,0
2996,143,T,R,0
2997,143,T,S,0
2998,143,T,T,0
2999,143,T,V,0
3000,143,T,W,0
3001,143,T,Y,0
3002,143,T,*,0
3003,144,N,A,0
3004,144,N,C,0
3005,144,N,D,0
3006,144,N,E,0
3007,144,N,F,0
3008,144,N,G,0
3009,144,N,H,0
3010,144,N,I,0
3011,144,N,K,0
3012,144,N,L,0
3013,144,N,M,0
3014,144,N,N,0
3015,144,N,P,0
3016,144,N,Q,0
3017,144,N,R,0
3018,144,N,S,0
3019,144,N,T,0
3020,144,N,V,0
3021,144,N,W,0
3022,144,N,Y,0
3023,144,N,*,0
3024,145,G,A,0
3025,145,G,C,0
3026,145,G,D,0
3027,145,G,E,0
3028,145,G,F,0
3029,145,G,G,0
3030,145,G,H,0
3031,145,G,I,0
3032,145,G,K,0
3033,145,G,L,0
3034,145,G,M,0
3035,145,G,N,0
3036,145,G,P,0
3037,145,G,Q,0
3038,145,G,R,0
3039,145,G,S,0
3040,145,G,T,0
3041,145,G,V,0
3042,145,G,W,0
3043,145,G,Y,0
3044,145,G,*,0
3045,146,H,A,0
3046,146,H,C,0
3047,146,H,D,0
3048,146,H,E,0
3049,146,H,F,0
3050,146,H,G,0
3051,146,H,H,0
3052,146,H,I,0
3053,146,H,K,0
3054,146,H,L,0
3055,146,H,M,0
3056,146,H,N,0
3057,146,H,P,0
3058,146,H,Q,0
3059,146,H,R,0
3060,146,H,S,0
3061,146,H,T,0
3062,146,H,V,0
3063,146,H,W,0
3064,146,H,Y,0
3065,146,H,*,0
3066,147,L,A,0
3067,147,L,C,0
3068,147,L,D,0
3069,147,L,E,0
3070,147,L,F,0
3071,147,L,G,0
3072,147,L,H,0
3073,147,L,I,0
3074,147,L,K,0
3075,147,L,L,0
3076,147,L,M,0
3077,147,L,N,0
3078,147,L,P,0
3079,147,L,Q,0
3080,147,L,R,0
3081,147,L,S,0
3082,147,L,T,0
3083,147,L,V,0
3084,147,L,W,0
3085,147,L,Y,0
3086,147,L,*,0
3087,148,K,A,0
3088,148,K,C,0
3089,148,K,D,0
3090,148,K,E,0
3091,148,K,F,0
3092,148,K,G,0
3093,148,K,H,0
3094,148,K,I,0
3095,148,K,K,0
3096,148,K,L,0
3097,148,K,M,0
3098,148,K,N,0
3099,148,K,P,0
3100,148,K,Q,0
3101,148,K,R,0
3102,148,K,S,0
3103,148,K,T,0
3104,148,K,V,0
3105,148,K,W,0
3106,148,K,Y,0
3107,148,K,*,0
3108,149,M,A,0
3109,149,M,C,0
3110,149,M,D,0
3111,149,M,E,0
3112,149,M,F,0
3113,149,M,G,0
3114,149,M,H,0
3115,149,M,I,0
3116,149,M,K,0
3117,149,M,L,0
3118,149,M,M,0
3119,149,M,N,0
3120,149,M,P,0
3121,149,M,Q,0
3122,149,M,R,0
3123,149,M,S,0
3124,149,M,T,0
3125,149,M,V,0
3126,149,M,W,0
3127,149,M,Y,0
3128,149,M,*,0
3129,150,A,A,0
3130,150,A,C,0
3131,150,A,D,0
3132,150,A,E,0
3133,150,A,F,0
3134,150,A,G,0
3135,150,A,H,0
3136,150,A,I,0
3137,150,A,K,0
3138,150,A,L,0
3139,150,A,M,0
3140,150,A,N,0
3141,150,A,P,0
3142,150,A,Q,0
3143,150,A,R,0
3144,150,A,S,0
3145,150,A,T,0
3146,150,A,V,0
3147,150,A,W,0
3148,150,A,Y,0
3149,150,A,*,0
3150,151,G,A,0
3151,151,G,C,0
3152,151,G,D,0
3153,151,G,E,0
3154,151,G,F,0
3155,151,G,G,0
3156,151,G,H,0
3157,151,G,I,0
3158,151,G,K,0
3159,151,G,L,0
3160,151,G,M,0
3161,151,G,N,0
3162,151,G,P,0
3163,151,G,Q,0
3164,151,G,R,0
3165,151,G,S,0
3166,151,G,T,0
3167,151,G,V,0
3168,151,G,W,0
3169,151,G,Y,0
3170,151,G,*,0
3171,152,M,A,0
3172,152,M,C,0
3173,152,M,D,0
3174,152,M,E,0
3175,152,M,F,0
3176,152,M,G,0
3177,152,M,H,0
3178,152,M,I,0
3179,152,M,K,0
3180,152,M,L,0
3181,152,M,M,0
3182,152,M,N,0
3183,152,M,P,0
3184,152,M,Q,0
3185,152,M,R,0
3186,152,M,S,0
3187,152,M,T,0
3188,152,M,V,0
3189,152,M,W,0
3190,152,M,Y,0
3191,152,M,*,0
3192,153,H,A,0
3193,153,H,C,0
3194,153,H,D,0
3195,153,H,E,0
3196,153,H,F,0
3197,153,H,G,0
3198,153,H,H,0
3199,153,H,I,0
3200,153,H,K,0
3201,153,H,L,0
3202,153,H,M,0
3203,153,H,N,0
3204,153,H,P,0
3205,153,H,Q,0
3206,153,H,R,0
3207,153,H,S,0
3208,153,H,T,0
3209,153,H,V,0
3210,153,H,W,0
3211,153,H,Y,0
3212,153,H,*,0
3213,154,F,A,0
3214,154,F,C,0
3215,154,F,D,0
3216,154,F,E,0
3217,154,F,F,0
3218,154,F,G,0
3219,154,F,H,0
3220,154,F,I,0
3221,154,F,K,0
3222,154,F,L,0
3223,154,F,M,0
3224,154,F,N,0
3225,154,F,P,0
3226,154,F,Q,0
3227,154,F,R,0
3228,154,F,S,0
3229,154,F,T,0
3230,154,F,V,0
3231,154,F,W,0
3232,154,F,Y,0
3233,154,F,*,0
3234,155,G,A,0
3235,155,G,C,0
3236,155,G,D,0
3237,155,G,E,0
3238,155,G,F,0
3239,155,G,G,0
3240,155,G,H,0
3241,155,G,I,0
3242,155,G,K,0
3243,155,G,L,0
3244,155,G,M,0
3245,155,G,N,0
3246,155,G,P,0
3247,155,G,Q,0
3248,155,G,R,0
3249,155,G,S,0
3250,155,G,T,0
3251,155,G,V,0
3252,155,G,W,0
3253,155,G,Y,0
3254,155,G,*,0
3255,156,A,A,0
3256,156,A,C,0
3257,156,A,D,0
3258,156,A,E,0
3259,156,A,F,0
3260,156,A,G,0
3261,156,A,H,0
3262,156,A,I,0
3263,156,A,K,0
3264,156,A,L,0
3265,156,A,M,0
3266,156,A,N,0
3267,156,A,P,0
3268,156,A,Q,0
3269,156,A,R,0
3270,156,A,S,0
3271,156,A,T,0
3272,156,A,V,0
3273,156,A,W,0
3274,156,A,Y,0
3275,156,A,*,0
3276,157,C,A,0
3277,157,C,C,0
3278,157,C,D,0
3279,157,C,E,0
3280,157,C,F,0
3281,157,C,G,0
3282,157,C,H,0
3283,157,C,I,0
3284,157,C,K,0
3285,157,C,L,0
3286,157,C,M,0
3287,157,C,N,0
3288,157,C,P,0
3289,157,C,Q,0
3290,157,C,R,0
3291,157,C,S,0
3292,157,C,T,0
3293,157,C,V,0
3294,157,C,W,0
3295,157,C,Y,0
3296,157,C,*,0
3297,158,D,A,0
3298,158,D,C,0
3299,158,D,D,0
3300,158,D,E,0
3301,158,D,F,0
3302,158,D,G,0
3303,158,D,H,0
3304,158,D,I,0
3305,158,D,K,0
3306,158,D,L,0
3307,158,D,M,0
3308,158,D,N,0
3309,158,D,P,0
3310,158,D,Q,0
3311,158,D,R,0
3312,158,D,S,0
3313,158,D,T,0
3314,158,D,V,0
3315,158,D,W,0
3316,158,D,Y,0
3317,158,D,*,0
3318,159,Y,A,0
3319,159,Y,C,0
3320,159,Y,D,0
3321,159,Y,E,0
3322,159,Y,F,0
3323,159,Y,G,0
3324,159,Y,H,0
3325,159,Y,I,0
3326,159,Y,K,0
3327,159,Y,L,0
3328,159,Y,M,0
3329,159,Y,N,0
3330,159,Y,P,0
3331,159,Y,Q,0
3332,159,Y,R,0
3333,159,Y,S,0
3334,159,Y,T,0
3335,159,Y,V,0
3336,159,Y,W,0
3337,159,Y,Y,0
3338,159,Y,*,0
3339,160,D,A,0
3340,160,D,C,0
3341,160,D,D,0
3342,160,D,E,0
3343,160,D,F,0
3344,160,D,G,0
3345,160,D,H,0
3346,160,D,I,0
3347,160,D,K,0
3348,160,D,L,0
3349,160,D,M,0
3350,160,D,N,0
3351,160,D,P,0
3352,160,D,Q,0
3353,160,D,R,0
3354,160,D,S,0
3355,160,D,T,0
3356,160,D,V,0
3357,160,D,W,0
3358,160,D,Y,0
3359,160,D,*,0
3360,161,R,A,0
3361,161,R,C,0
3362,161,R,D,0
3363,161,R,E,0
3364,161,R,F,0
3365,161,R,G,0
3366,161,R,H,0
3367,161,R,I,0
3368,161,R,K,0
3369,161,R,L,0
3370,161,R,M,0
3371,161,R,N,0
3372,161,R,P,0
3373,161,R,Q,0
3374,161,R,R,0
3375,161,R,S,0
3376,161,R,T,0
3377,161,R,V,0
3378,161,R,W,0
3379,161,R,Y,0
3380,161,R,*,0
3381,162,L,A,0
3382,162,L,C,0
3383,162,L,D,0
3384,162,L,E,0
3385,162,L,F,0
3386,162,L,G,0
3387,162,L,H,0
3388,162,L,I,0
3389,162,L,K,0
3390,162,L,L,0
3391,162,L,M,0
3392,162,L,N,0
3393,162,L,P,0
3394,162,L,Q,0
3395,162,L,R,0
3396,162,L,S,0
3397,162,L,T,0
3398,162,L,V,0
3399,162,L,W,0
3400,162,L,Y,0
3401,162,L,*,0
3402,163,P,A,0
3403,163,P,C,0
3404,163,P,D,0
3405,163,P,E,0
3406,163,P,F,0
3407,163,P,G,0
3408,163,P,H,0
3409,163,P,I,0
3410,163,P,K,0
3411,163,P,L,0
3412,163,P,M,0
3413,163,P,N,0
3414,163,P,P,0
3415,163,P,Q,0
3416,163,P,R,0
3417,163,P,S,0
3418,163,P,T,0
3419,163,P,V,0
3420,163,P,W,0
3421,163,P,Y,0
3422,163,P,*,0
3423,164,N,A,0
3424,164,N,C,0
3425,164,N,D,0
3426,164,N,E,0
3427,164,N,F,0
3428,164,N,G,0
3429,164,N,H,0
3430,164,N,I,0
3431,164,N,K,0
3432,164,N,L,0
3433,164,N,M,0
3434,164,N,N,0
3435,164,N,P,0
3436,164,N,Q,0
3437,164,N,R,0
3438,164,N,S,1
3439,164,N,T,0
3440,164,N,V,0
3441,164,N,W,0
3442,164,N,Y,0
3443,164,N,*,0
3444,165,E,A,0
3445,165,E,C,0
3446,165,E,D,0
3447,165,E,E,0
3448,165,E,F,0
3449,165,E,G,0
3450,165,E,H,0
3451,165,E,I,0
3452,165,E,K,0
3453,165,E,L,0
3454,165,E,M,0
3455,165,E,N,0
3456,165,E,P,0
3457,165,E,Q,0
3458,165,E,R,0
3459,165,E,S,0
3460,165,E,T,0
3461,165,E,V,0
3462,165,E,W,0
3463,165,E,Y,0
3464,165,E,*,0
3465,166,V,A,0
3466,166,V,C,0
3467,166,V,D,0
3468,166,V,E,0
3469,166,V,F,0
3470,166,V,G,0
3471,166,V,H,0
3472,166,V,I,0
3473,166,V,K,0
3474,166,V,L,0
3475,166,V,M,0
3476,166,V,N,0
3477,166,V,P,0
3478,166,V,Q,0
3479,166,V,R,0
3480,166,V,S,0
3481,166,V,T,0
3482,166,V,V,0
3483,166,V,W,0
3484,166,V,Y,0
3485,166,V,*,0
3486,167,T,A,0
3487,167,T,C,0
3488,167,T,D,0
3489,167,T,E,0
3490,167,T,F,0
3491,167,T,G,0
3492,167,T,H,0
3493,167,T,I,0
3494,167,T,K,0
3495,167,T,L,0
3496,167,T,M,0
3497,167,T,N,0
3498,167,T,P,0
3499,167,T,Q,0
3500,167,T,R,0
3501,167,T,S,0
3502,167,T,T,0
3503,167,T,V,0
3504,167,T,W,0
3505,167,T,Y,0
3506,167,T,*,0
3507,168,V,A,0
3508,168,V,C,0
3509,168,V,D,0
3510,168,V,E,0
3511,168,V,F,0
3512,168,V,G,0
3513,168,V,H,0
3514,168,V,I,0
3515,168,V,K,0
3516,168,V,L,0
3517,168,V,M,0
3518,168,V,N,0
3519,168,V,P,0
3520,168,V,Q,0
3521,168,V,R,0
3522,168,V,S,0
3523,168,V,T,0
3524,168,V,V,0
3525,168,V,W,0
3526,168,V,Y,0
3527,168,V,*,0
3528,169,A,A,0
3529,169,A,C,0
3530,169,A,D,0
3531,169,A,E,0
3532,169,A,F,0
3533,169,A,G,0
3534,169,A,H,0
3535,169,A,I,0
3536,169,A,K,0
3537,169,A,L,0
3538,169,A,M,0
3539,169,A,N,0
3540,169,A,P,0
3541,169,A,Q,0
3542,169,A,R,0
3543,169,A,S,0
3544,169,A,T,0
3545,169,A,V,0
3546,169,A,W,0
3547,169,A,Y,0
3548,169,A,*,0
3549,170,K,A,0
3550,170,K,C,0
3551,170,K,D,0
3552,170,K,E,0
3553,170,K,F,0
3554,170,K,G,0
3555,170,K,H,0
3556,170,K,I,0
3557,170,K,K,0
3558,170,K,L,0
3559,170,K,M,0
3560,170,K,N,0
3561,170,K,P,0
3562,170,K,Q,0
3563,170,K,R,0
3564,170,K,S,0
3565,170,K,T,0
3566,170,K,V,0
3567,170,K,W,0
3568,170,K,Y,0
3569,170,K,*,0
3570,171,P,A,0
3571,171,P,C,0
3572,171,P,D,0
3573,171,P,E,0
3574,171,P,F,0
3575,171,P,G,0
3576,171,P,H,0
3577,171,P,I,0
3578,171,P,K,0
3579,171,P,L,0
3580,171,P,M,0
3581,171,P,N,0
3582,171,P,P,0
3583,171,P,Q,0
3584,171,P,R,0
3585,171,P,S,0
3586,171,P,T,0
3587,171,P,V,0
3588,171,P,W,0
3589,171,P,Y,0
3590,171,P,*,0
3591,172,N,A,0
3592,172,N,C,0
3593,172,N,D,0
3594,172,N,E,0
3595,172,N,F,0
3596,172,N,G,0
3597,172,N,H,0
3598,172,N,I,0
3599,172,N,K,0
3600,172,N,L,0
3601,172,N,M,0
3602,172,N,N,0
3603,172,N,P,0
3604,172,N,Q,0
3605,172,N,R,0
3606,172,N,S,0
3607,172,N,T,0
3608,172,N,V,0
3609,172,N,W,0
3610,172,N,Y,0
3611,172,N,*,0
3612,173,V,A,0
3613,173,V,C,0
3614,173,V,D,0
3615,173,V,E,0
3616,173,V,F,0
3617,173,V,G,0
3618,173,V,H,0
3619,173,V,I,0
3620,173,V,K,0
3621,173,V,L,0
3622,173,V,M,0
3623,173,V,N,0
3624,173,V,P,0
3625,173,V,Q,0
3626,173,V,R,0
3627,173,V,S,0
3628,173,V,T,0
3629,173,V,V,0
3630,173,V,W,0
3631,173,V,Y,0
3632,173,V,*,0
3633,174,L,A,0
3634,174,L,C,0
3635,174,L,D,0
3636,174,L,E,0
3637,174,L,F,0
3638,174,L,G,0
3639,174,L,H,0
3640,174,L,I,0
3641,174,L,K,0
3642,174,L,L,0
3643,174,L,M,0
3644,174,L,N,0
3645,174,L,P,0
3646,174,L,Q,0
3647,174,L,R,0
3648,174,L,S,0
3649,174,L,T,0
3650,174,L,V,0
3651,174,L,W,0
3652,174,L,Y,0
3653,174,L,*,0
3654,175,I,A,0
3655,175,I,C,0
3656,175,I,D,0
3657,175,I,E,0
3658,175,I,F,0
3659,175,I,G,0
3660,175,I,H,0
3661,175,I,I,0
3662,175,I,K,0
3663,175,I,L,0
3664,175,I,M,0
3665,175,I,N,0
3666,175,I,P,0
3667,175,I,Q,0
3668,175,I,R,0
3669,175,I,S,0
3670,175,I,T,0
3671,175,I,V,0
3672,175,I,W,0
3673,175,I,Y,0
3674,175,I,*,0
3675,176,A,A,0
3676,176,A,C,0
3677,176,A,D,0
3678,176,A,E,0
3679,176,A,F,0
3680,176,A,G,0
3681,176,A,H,0
3682,176,A,I,0
3683,176,A,K,0
3684,176,A,L,0
3685,176,A,M,0
3686,176,A,N,0
3687,176,A,P,0
3688,176,A,Q,0
3689,176,A,R,0
3690,176,A,S,0
3691,176,A,T,0
3692,176,A,V,0
3693,176,A,W,0
3694,176,A,Y,0
3695,176,A,*,0
3696,177,L,A,0
3697,177,L,C,0
3698,177,L,D,0
3699,177,L,E,0
3700,177,L,F,0
3701,177,L,G,0
3702,177,L,H,0
3703,177,L,I,0
3704,177,L,K,0
3705,177,L,L,0
3706,177,L,M,0
3707,177,L,N,0
3708,177,L,P,0
3709,177,L,Q,0
3710,177,L,R,0
3711,177,L,S,0
3712,177,L,T,0
3713,177,L,V,0
3714,177,L,W,0
3715,177,L,Y,0
3716,177,L,*,0
3717,178,K,A,0
3718,178,K,C,0
3719,178,K,D,0
3720,178,K,E,0
3721,178,K,F,0
3722,178,K,G,0
3723,178,K,H,0
3724,178,K,I,0
3725,178,K,K,0
3726,178,K,L,0
3727,178,K,M,0
3728,178,K,N,0
3729,178,K,P,0
3730,178,K,Q,0
3731,178,K,R,0
3732,178,K,S,0
3733,178,K,T,0
3734,178,K,V,0
3735,178,K,W,0
3736,178,K,Y,0
3737,178,K,*,0
3738,179,M,A,0
3739,179,M,C,0
3740,179,M,D,0
3741,179,M,E,0
3742,179,M,F,0
3743,179,M,G,0
3744,179,M,H,0
3745,179,M,I,0
3746,179,M,K,0
3747,179,M,L,0
3748,179,M,M,0
3749,179,M,N,0
3750,179,M,P,0
3751,179,M,Q,0
3752,179,M,R,0
3753,179,M,S,0
3754,179,M,T,0
3755,179,M,V,0
3756,179,M,W,0
3757,179,M,Y,0
3758,179,M,*,0
3759,180,V,A,0
3760,180,V,C,0
3761,180,V,D,0
3762,180,V,E,0
3763,180,V,F,0
3764,180,V,G,0
3765,180,V,H,0
3766,180,V,I,0
3767,180,V,K,0
3768,180,V,L,0
3769,180,V,M,0
3770,180,V,N,0
3771,180,V,P,0
3772,180,V,Q,0
3773,180,V,R,0
3774,180,V,S,0
3775,180,V,T,0
3776,180,V,V,0
3777,180,V,W,0
3778,180,V,Y,0
3779,180,V,*,0
3780,181,K,A,0
3781,181,K,C,0
3782,181,K,D,0
3783,181,K,E,0
3784,181,K,F,0
3785,181,K,G,0
3786,181,K,H,0
3787,181,K,I,0
3788,181,K,K,0
3789,181,K,L,0
3790,181,K,M,0
3791,181,K,N,0
3792,181,K,P,0
3793,181,K,Q,0
3794,181,K,R,0
3795,181,K,S,0
3796,181,K,T,0
3797,181,K,V,0
3798,181,K,W,0
3799,181,K,Y,0
3800,181,K,*,0
3801,182,R,A,0
3802,182,R,C,0
3803,182,R,D,0
3804,182,R,E,0
3805,182,R,F,0
3806,182,R,G,0
3807,182,R,H,0
3808,182,R,I,0
3809,182,R,K,0
3810,182,R,L,0
3811,182,R,M,0
3812,182,R,N,0
3813,182,R,P,0
3814,182,R,Q,0
3815,182,R,R,0
3816,182,R,S,0
3817,182,R,T,0
3818,182,R,V,0
3819,182,R,W,0
3820,182,R,Y,0
3821,182,R,*,0
3822,183,Q,A,0
3823,183,Q,C,0
3824,183,Q,D,0
3825,183,Q,E,0
3826,183,Q,F,0
3827,183,Q,G,0
3828,183,Q,H,0
3829,183,Q,I,0
3830,183,Q,K,0
3831,183,Q,L,0
3832,183,Q,M,0
3833,183,Q,N,0
3834,183,Q,P,0
3835,183,Q,Q,0
3836,183,Q,R,0
3837,183,Q,S,0
3838,183,Q,T,0
3839,183,Q,V,0
3840,183,Q,W,0
3841,183,Q,Y,0
3842,183,Q,*,0
3843,184,S,A,0
3844,184,S,C,0
3845,184,S,D,0
3846,184,S,E,0
3847,184,S,F,0
3848,184,S,G,0
3849,184,S,H,0
3850,184,S,I,0
3851,184,S,K,0
3852,184,S,L,0
3853,184,S,M,0
3854,184,S,N,0
3855,184,S,P,0
3856,184,S,Q,0
3857,184,S,R,0
3858,184,S,S,0
3859,184,S,T,0
3860,184,S,V,0
3861,184,S,W,0
3862,184,S,Y,0
3863,184,S,*,0
3864,185,Y,A,0
3865,185,Y,C,0
3866,185,Y,D,0
3867,185,Y,E,0
3868,185,Y,F,0
3869,185,Y,G,0
3870,185,Y,H,0
3871,185,Y,I,0
3872,185,Y,K,0
3873,185,Y,L,0
3874,185,Y,M,0
3875,185,Y,N,0
3876,185,Y,P,0
3877,185,Y,Q,0
3878,185,Y,R,0
3879,185,Y,S,0
3880,185,Y,T,0
3881,185,Y,V,0
3882,185,Y,W,0
3883,185,Y,Y,0
3884,185,Y,*,0
3885,186,G,A,0
3886,186,G,C,0
3887,186,G,D,0
3888,186,G,E,0
3889,186,G,F,0
3890,186,G,G,0
3891,186,G,H,0
3892,186,G,I,0
3893,186,G,K,0
3894,186,G,L,0
3895,186,G,M,0
3896,186,G,N,0
3897,186,G,P,0
3898,186,G,Q,0
3899,186,G,R,0
3900,186,G,S,0
3901,186,G,T,0
3902,186,G,V,0
3903,186,G,W,0
3904,186,G,Y,0
3905,186,G,*,0
3906,187,T,A,0
3907,187,T,C,0
3908,187,T,D,0
3909,187,T,E,0
3910,187,T,F,0
3911,187,T,G,0
3912,187,T,H,0
3913,187,T,I,0
3914,187,T,K,0
3915,187,T,L,0
3916,187,T,M,0
3917,187,T,N,0
3918,187,T,P,0
3919,187,T,Q,0
3920,187,T,R,0
3921,187,T,S,0
3922,187,T,T,0
3923,187,T,V,0
3924,187,T,W,0
3925,187,T,Y,0
3926,187,T,*,0
3927,188,N,A,0
3928,188,N,C,0
3929,188,N,D,0
3930,188,N,E,0
3931,188,N,F,0
3932,188,N,G,0
3933,188,N,H,0
3934,188,N,I,0
3935,188,N,K,0
3936,188,N,L,0
3937,188,N,M,0
3938,188,N,N,0
3939,188,N,P,0
3940,188,N,Q,0
3941,188,N,R,0
3942,188,N,S,0
3943,188,N,T,0
3944,188,N,V,0
3945,188,N,W,0
3946,188,N,Y,0
3947,188,N,*,0
3948,189,S,A,0
3949,189,S,C,0
3950,189,S,D,0
3951,189,S,E,0
3952,189,S,F,0
3953,189,S,G,0
3954,189,S,H,0
3955,189,S,I,0
3956,189,S,K,0
3957,189,S,L,0
3958,189,S,M,0
3959,189,S,N,0
3960,189,S,P,0
3961,189,S,Q,0
3962,189,S,R,0
3963,189,S,S,0
3964,189,S,T,0
3965,189,S,V,0
3966,189,S,W,0
3967,189,S,Y,0
3968,189,S,*,0
3969,190,G,A,0
3970,190,G,C,0
3971,190,G,D,0
3972,190,G,E,0
3973,190,G,F,0
3974,190,G,G,0
3975,190,G,H,0
3976,190,G,I,0
3977,190,G,K,0
3978,190,G,L,0
3979,190,G,M,0
3980,190,G,N,0
3981,190,G,P,0
3982,190,G,Q,0
3983,190,G,R,0
3984,190,G,S,0
3985,190,G,T,0
3986,190,G,V,0
3987,190,G,W,0
3988,190,G,Y,0
3989,190,G,*,0
3990,191,V,A,0
3991,191,V,C,0
3992,191,V,D,0
3993,191,V,E,0
3994,191,V,F,0
3995,191,V,G,0
3996,191,V,H,0
3997,191,V,I,0
3998,191,V,K,0
3999,191,V,L,0
4000,191,V,M,0
4001,191,V,N,0
4002,191,V,P,0
4003,191,V,Q,0
4004,191,V,R,0
4005,191,V,S,0
4006,191,V,T,0
4007,191,V,V,0
4008,191,V,W,0
4009,191,V,Y,0
4010,191,V,*,0
4011,192,A,A,0
4012,192,A,C,0
4013,192,A,D,0
4014,192,A,E,0
4015,192,A,F,0
4016,192,A,G,0
4017,192,A,H,0
4018,192,A,I,0
4019,192,A,K,0
4020,192,A,L,0
4021,192,A,M,0
4022,192,A,N,0
4023,192,A,P,0
4024,192,A,Q,0
4025,192,A,R,0
4026,192,A,S,0
4027,192,A,T,0
4028,192,A,V,0
4029,192,A,W,0
4030,192,A,Y,0
4031,192,A,*,0
4032,193,I,A,0
4033,193,I,C,0
4034,193,I,D,0
4035,193,I,E,0
4036,193,I,F,0
4037,193,I,G,0
4038,193,I,H,0
4039,193,I,I,0
4040,193,I,K,0
4041,193,I,L,0
4042,193,I,M,0
4043,193,I,N,0
4044,193,I,P,0
4045,193,I,Q,0
4046,193,I,R,0
4047,193,I,S,0
4048,193,I,T,0
4049,193,I,V,0
4050,193,I,W,0
4051,193,I,Y,0
4052,193,I,*,0
4053,194,Y,A,0
4054,194,Y,C,0
4055,194,Y,D,0
4056,194,Y,E,0
4057,194,Y,F,0
4058,194,Y,G,0
4059,194,Y,H,0
4060,194,Y,I,0
4061,194,Y,K,0
4062,194,Y,L,0
4063,194,Y,M,0
4064,194,Y,N,0
4065,194,Y,P,0
4066,194,Y,Q,0
4067,194,Y,R,0
4068,194,Y,S,0
4069,194,Y,T,0
4070,194,Y,V,0
4071,194,Y,W,0
4072,194,Y,Y,0
4073,194,Y,*,0
4074,195,H,A,0
4075,195,H,C,0
4076,195,H,D,0
4077,195,H,E,0
4078,195,H,F,0
4079,195,H,G,0
4080,195,H,H,0
4081,195,H,I,0
4082,195,H,K,0
4083,195,H,L,0
4084,195,H,M,0
4085,195,H,N,0
4086,195,H,P,0
4087,195,H,Q,0
4088,195,H,R,0
4089,195,H,S,0
4090,195,H,T,0
4091,195,H,V,0
4092,195,H,W,0
4093,195,H,Y,0
4094,195,H,*,0
4095,196,R,A,0
4096,196,R,C,0
4097,196,R,D,0
4098,196,R,E,0
4099,196,R,F,0
4100,196,R,G,0
4101,196,R,H,0
4102,196,R,I,0
4103,196,R,K,0
4104,196,R,L,0
4105,196,R,M,0
4106,196,R,N,0
4107,196,R,P,0
4108,196,R,Q,0
4109,196,R,R,0
4110,196,R,S,0
4111,196,R,T,0
4112,196,R,V,0
4113,196,R,W,0
4114,196,R,Y,0
4115,196,R,*,0
4116,197,Y,A,0
4117,197,Y,C,0
4118,197,Y,D,0
4119,197,Y,E,0
4120,197,Y,F,0
4121,197,Y,G,0
4122,197,Y,H,0
4123,197,Y,I,0
4124,197,Y,K,0
4125,197,Y,L,0
4126,197,Y,M,0
4127,197,Y,N,0
4128,197,Y,P,0
4129,197,Y,Q,0
4130,197,Y,R,0
4131,197,Y,S,0
4132,197,Y,T,0
4133,197,Y,V,0
4134,197,Y,W,0
4135,197,Y,Y,0
4136,197,Y,*,0
4137,198,K,A,0
4138,198,K,C,0
4139,198,K,D,0
4140,198,K,E,0
4141,198,K,F,0
4142,198,K,G,0
4143,198,K,H,0
4144,198,K,I,0
4145,198,K,K,0
4146,198,K,L,0
4147,198,K,M,0
4148,198,K,N,0
4149,198,K,P,0
4150,198,K,Q,0
4151,198,K,R,0
4152,198,K,S,0
4153,198,K,T,0
4154,198,K,V,0
4155,198,K,W,0
4156,198,K,Y,0
4157,198,K,*,0
4158,199,A,A,0
4159,199,A,C,0
4160,199,A,D,0
4161,199,A,E,0
4162,199,A,F,0
4163,199,A,G,0
4164,199,A,H,0
4165,199,A,I,0
4166,199,A,K,0
4167,199,A,L,0
4168,199,A,M,0
4169,199,A,N,0
4170,199,A,P,0
4171,199,A,Q,0
4172,199,A,R,0
4173,199,A,S,0
4174,199,A,T,0
4175,199,A,V,0
4176,199,A,W,0
4177,199,A,Y,0
4178,199,A,*,0
4179,200,G,A,0
4180,200,G,C,0
4181,200,G,D,0
4182,200,G,E,0
4183,200,G,F,0
4184,200,G,G,0
4185,200,G,H,0
4186,200,G,I,0
4187,200,G,K,0
4188,200,G,L,0
4189,200,G,M,0
4190,200,G,N,0
4191,200,G,P,0
4192,200,G,Q,0
4193,200,G,R,0
4194,200,G,S,0
4195,200,G,T,0
4196,200,G,V,0
4197,200,G,W,0
4198,200,G,Y,0
4199,200,G,*,0
4200,201,N,A,0
4201,201,N,C,0
4202,201,N,D,0
4203,201,N,E,0
4204,201,N,F,0
4205,201,N,G,0
4206,201,N,H,0
4207,201,N,I,0
4208,201,N,K,0
4209,201,N,L,0
4210,201,N,M,0
4211,201,N,N,0
4212,201,N,P,0
4213,201,N,Q,0
4214,201,N,R,0
4215,201,N,S,0
4216,201,N,T,0
4217,201,N,V,0
4218,201,N,W,0
4219,201,N,Y,0
4220,201,N,*,0
4221,202,Y,A,0
4222,202,Y,C,0
4223,202,Y,D,0
4224,202,Y,E,0
4225,202,Y,F,0
4226,202,Y,G,0
4227,202,Y,H,0
4228,202,Y,I,0
4229,202,Y,K,0
4230,202,Y,L,0
4231,202,Y,M,0
4232,202,Y,N,0
4233,202,Y,P,0
4234,202,Y,Q,0
4235,202,Y,R,0
4236,202,Y,S,0
4237,202,Y,T,0
4238,202,Y,V,0
4239,202,Y,W,0
4240,202,Y,Y,0
4241,202,Y,*,0
4242,203,R,A,0
4243,203,R,C,0
4244,203,R,D,0
4245,203,R,E,0
4246,203,R,F,0
4247,203,R,G,0
4248,203,R,H,0
4249,203,R,I,0
4250,203,R,K,0
4251,203,R,L,0
4252,203,R,M,0
4253,203,R,N,0
4254,203,R,P,0
4255,203,R,Q,0
4256,203,R,R,0
4257,203,R,S,0
4258,203,R,T,0
4259,203,R,V,0
4260,203,R,W,0
4261,203,R,Y,0
4262,203,R,*,0
4263,204,S,A,0
4264,204,S,C,0
4265,204,S,D,0
4266,204,S,E,0
4267,204,S,F,0
4268,204,S,G,0
4269,204,S,H,0
4270,204,S,I,0
4271,204,S,K,0
4272,204,S,L,0
4273,204,S,M,0
4274,204,S,N,0
4275,204,S,P,0
4276,204,S,Q,0
4277,204,S,R,0
4278,204,S,S,0
4279,204,S,T,0
4280,204,S,V,0
4281,204,S,W,0
4282,204,S,Y,0
4283,204,S,*,0
4284,205,P,A,0
4285,205,P,C,0
4286,205,P,D,0
4287,205,P,E,0
4288,205,P,F,0
4289,205,P,G,0
4290,205,P,H,0
4291,205,P,I,0
4292,205,P,K,0
4293,205,P,L,0
4294,205,P,M,0
4295,205,P,N,0
4296,205,P,P,0
4297,205,P,Q,0
4298,205,P,R,0
4299,205,P,S,0
4300,205,P,T,0
4301,205,P,V,0
4302,205,P,W,0
4303,205,P,Y,0
4304,205,P,*,0
4305,206,P,A,0
4306,206,P,C,0
4307,206,P,D,0
4308,206,P,E,0
4309,206,P,F,0
4310,206,P,G,0
4311,206,P,H,0
4312,206,P,I,0
4313,206,P,K,0
4314,206,P,L,0
4315,206,P,M,0
4316,206,P,N,0
4317,206,P,P,0
4318,206,P,Q,0
4319,206,P,R,0
4320,206,P,S,0
4321,206,P,T,0
4322,206,P,V,0
4323,206,P,W,0
4324,206,P,Y,0
4325,206,P,*,0
4326,207,I,A,0
4327,207,I,C,0
4328,207,I,D,0
4329,207,I,E,0
4330,207,I,F,0
4331,207,I,G,0
4332,207,I,H,0
4333,207,I,I,0
4334,207,I,K,0
4335,207,I,L,0
4336,207,I,M,0
4337,207,I,N,0
4338,207,I,P,0
4339,207,I,Q,0
4340,207,I,R,0
4341,207,I,S,0
4342,207,I,T,0
4343,207,I,V,0
4344,207,I,W,0
4345,207,I,Y,0
4346,207,I,*,0
4347,208,T,A,0
4348,208,T,C,0
4349,208,T,D,0
4350,208,T,E,0
4351,208,T,F,0
4352,208,T,G,0
4353,208,T,H,0
4354,208,T,I,0
4355,208,T,K,0
4356,208,T,L,0
4357,208,T,M,0
4358,208,T,N,0
4359,208,T,P,0
4360,208,T,Q,0
4361,208,T,R,0
4362,208,T,S,0
4363,208,T,T,0
4364,208,T,V,0
4365,208,T,W,0
4366,208,T,Y,0
4367,208,T,*,0
4368,209,A,A,0
4369,209,A,C,0
4370,209,A,D,0
4371,209,A,E,0
4372,209,A,F,0
4373,209,A,G,0
4374,209,A,H,0
4375,209,A,I,0
4376,209,A,K,0
4377,209,A,L,0
4378,209,A,M,0
4379,209,A,N,0
4380,209,A,P,0
4381,209,A,Q,0
4382,209,A,R,0
4383,209,A,S,0
4384,209,A,T,0
4385,209,A,V,0
4386,209,A,W,0
4387,209,A,Y,0
4388,209,A,*,0
4389,210,D,A,0
4390,210,D,C,0
4391,210,D,D,0
4392,210,D,E,0
4393,210,D,F,0
4394,210,D,G,0
4395,210,D,H,0
4396,210,D,I,0
4397,210,D,K,0
4398,210,D,L,0
4399,210,D,M,0
4400,210,D,N,0
4401,210,D,P,0
4402,210,D,Q,0
4403,210,D,R,0
4404,210,D,S,0
4405,210,D,T,0
4406,210,D,V,0
4407,210,D,W,0
4408,210,D,Y,0
4409,210,D,*,0
4410,211,I,A,0
4411,211,I,C,0
4412,211,I,D,0
4413,211,I,E,0
4414,211,I,F,0
4415,211,I,G,0
4416,211,I,H,0
4417,211,I,I,0
4418,211,I,K,0
4419,211,I,L,0
4420,211,I,M,0
4421,211,I,N,0
4422,211,I,P,0
4423,211,I,Q,0
4424,211,I,R,0
4425,211,I,S,0
4426,211,I,T,0
4427,211,I,V,0
4428,211,I,W,0
4429,211,I,Y,0
4430,211,I,*,0
4431,212,E,A,0
4432,212,E,C,0
4433,212,E,D,0
4434,212,E,E,0
4435,212,E,F,0
4436,212,E,G,0
4437,212,E,H,0
4438,212,E,I,0
4439,212,E,K,0
4440,212,E,L,0
4441,212,E,M,0
4442,212,E,N,0
4443,212,E,P,0
4444,212,E,Q,0
4445,212,E,R,0
4446,212,E,S,0
4447,212,E,T,0
4448,212,E,V,0
4449,212,E,W,0
4450,212,E,Y,0
4451,212,E,*,0
4452,213,L,A,0
4453,213,L,C,0
4454,213,L,D,0
4455,213,L,E,0
4456,213,L,F,0
4457,213,L,G,0
4458,213,L,H,0
4459,213,L,I,0
4460,213,L,K,0
4461,213,L,L,0
4462,213,L,M,0
4463,213,L,N,0
4464,213,L,P,0
4465,213,L,Q,0
4466,213,L,R,0
4467,213,L,S,0
4468,213,L,T,0
4469,213,L,V,0
4470,213,L,W,0
4471,213,L,Y,0
4472,213,L,*,0
4473,214,A,A,0
4474,214,A,C,0
4475,214,A,D,0
4476,214,A,E,0
4477,214,A,F,0
4478,214,A,G,0
4479,214,A,H,0
4480,214,A,I,0
4481,214,A,K,0
4482,214,A,L,0
4483,214,A,M,0
4484,214,A,N,0
4485,214,A,P,0
4486,214,A,Q,0
4487,214,A,R,0
4488,214,A,S,0
4489,214,A,T,0
4490,214,A,V,0
4491,214,A,W,0
4492,214,A,Y,0
4493,214,A,*,0
4494,215,L,A,0
4495,215,L,C,0
4496,215,L,D,0
4497,215,L,E,0
4498,215,L,F,0
4499,215,L,G,0
4500,215,L,H,0
4501,215,L,I,0
4502,215,L,K,0
4503,215,L,L,0
4504,215,L,M,0
4505,215,L,N,0
4506,215,L,P,0
4507,215,L,Q,0
4508,215,L,R,0
4509,215,L,S,0
4510,215,L,T,0
4511,215,L,V,0
4512,215,L,W,0
4513,215,L,Y,0
4514,215,L,*,0
4515,216,L,A,0
4516,216,L,C,0
4517,216,L,D,0
4518,216,L,E,0
4519,216,L,F,0
4520,216,L,G,0
4521,216,L,H,0
4522,216,L,I,0
4523,216,L,K,0
4524,216,L,L,0
4525,216,L,M,0
4526,216,L,N,0
4527,216,L,P,0
4528,216,L,Q,0
4529,216,L,R,0
4530,216,L,S,0
4531,216,L,T,0
4532,216,L,V,0
4533,216,L,W,0
4534,216,L,Y,0
4535,216,L,*,0
4536,217,R,A,0
4537,217,R,C,0
4538,217,R,D,0
4539,217,R,E,0
4540,217,R,F,0
4541,217,R,G,0
4542,217,R,H,0
4543,217,R,I,0
4544,217,R,K,0
4545,217,R,L,0
4546,217,R,M,0
4547,217,R,N,0
4548,217,R,P,0
4549,217,R,Q,0
4550,217,R,R,0
4551,217,R,S,0
4552,217,R,T,0
4553,217,R,V,0
4554,217,R,W,0
4555,217,R,Y,0
4556,217,R,*,0
4557,218,A,A,0
4558,218,A,C,0
4559,218,A,D,0
4560,218,A,E,0
4561,218,A,F,0
4562,218,A,G,0
4563,218,A,H,0
4564,218,A,I,0
4565,218,A,K,0
4566,218,A,L,0
4567,218,A,M,0
4568,218,A,N,0
4569,218,A,P,0
4570,218,A,Q,0
4571,218,A,R,0
4572,218,A,S,0
4573,218,A,T,0
4574,218,A,V,0
4575,218,A,W,0
4576,218,A,Y,0
4577,218,A,*,0
